collegeCode,branchCode,branchName
AARM,CSE,COMPUTER SCIENCE AND ENGINEERING
AARM,CSM,COMPUTER SCIENCE AND ENGINEERING (ARTIFICIAL INTELLIGENCE AND MACHINE LEARNING)
AARM,ECE,ELECTRONICS AND COMMUNICATION ENGINEERING
AARM,EEE,ELECTRICAL AND ELECTRONICS ENGINEERING
AARM,MEC,MECHANICAL ENGINEERING
ACEG,AID,ARTIFICIAL INTELLIGENCE AND DATA SCIENCE
ACEG,AIM,ARTIFICIAL INTELLIGENCE AND MACHINE LEARNING
ACEG,CIV,CIVIL ENGINEERING
ACEG,CSD,COMPUTER SCIENCE AND ENGINEERING (DATA SCIENCE)
ACEG,CSE,COMPUTER SCIENCE AND ENGINEERING
ACEG,CSM,COMPUTER SCIENCE AND ENGINEERING (ARTIFICIAL INTELLIGENCE AND MACHINE LEARNING)
ACEG,CSO,COMPUTER SCIENCE AND ENGINEERING (IOT)
ACEG,ECE,ELECTRONICS AND COMMUNICATION ENGINEERING
ACEG,EEE,ELECTRICAL AND ELECTRONICS ENGINEERING
ACEG,INF,INFORMATION TECHNOLOGY
ACEG,MEC,MECHANICAL ENGINEERING
AITH,CIV,CIVIL ENGINEERING
AITH,CSD,COMPUTER SCIENCE AND ENGINEERING (DATA SCIENCE)
AITH,CSE,COMPUTER SCIENCE AND ENGINEERING
AITH,CSM,COMPUTER SCIENCE AND ENGINEERING (ARTIFICIAL INTELLIGENCE AND MACHINE LEARNING)
AITH,ECE,ELECTRONICS AND COMMUNICATION ENGINEERING
AITH,EEE,ELECTRICAL AND ELECTRONICS ENGINEERING
AITH,MEC,MECHANICAL ENGINEERING
AKIT,AIM,ARTIFICIAL INTELLIGENCE AND MACHINE LEARNING
AKIT,CIV,CIVIL ENGINEERING
AKIT,CSD,COMPUTER SCIENCE AND ENGINEERING (DATA SCIENCE)
AKIT,CSE,COMPUTER SCIENCE AND ENGINEERING
AKIT,ECE,ELECTRONICS AND COMMUNICATION ENGINEERING
AKIT,EEE,ELECTRICAL AND ELECTRONICS ENGINEERING
AKIT,MEC,MECHANICAL ENGINEERING
AKIT,MIN,MINING ENGINEERING
ANRK,CIV,CIVIL ENGINEERING
ANRK,CSE,COMPUTER SCIENCE AND ENGINEERING
ANRK,CSM,COMPUTER SCIENCE AND ENGINEERING (ARTIFICIAL INTELLIGENCE AND MACHINE LEARNING)
ANRK,ECE,ELECTRONICS AND COMMUNICATION ENGINEERING
ANRK,EEE,ELECTRICAL AND ELECTRONICS ENGINEERING
ANRK,INF,INFORMATION TECHNOLOGY
ANRK,MEC,MECHANICAL ENGINEERING
ANUG,AI,ARTIFICIAL INTELLIGENCE
ANUG,CIV,CIVIL ENGINEERING
ANUG,CSE,COMPUTER SCIENCE AND ENGINEERING
ANUG,ECE,ELECTRONICS AND COMMUNICATION ENGINEERING
ANUG,EEE,ELECTRICAL AND ELECTRONICS ENGINEERING
ANUG,INF,INFORMATION TECHNOLOGY
ANUG,MEC,MECHANICAL ENGINEERING
ARJN,CIV,CIVIL ENGINEERING
ARJN,CSE,COMPUTER SCIENCE AND ENGINEERING
ARJN,CSM,COMPUTER SCIENCE AND ENGINEERING (ARTIFICIAL INTELLIGENCE AND MACHINE LEARNING)
ARJN,ECE,ELECTRONICS AND COMMUNICATION ENGINEERING
ASRA,CIV,CIVIL ENGINEERING
ASRA,CSD,COMPUTER SCIENCE AND ENGINEERING (DATA SCIENCE)
ASRA,CSE,COMPUTER SCIENCE AND ENGINEERING
ASRA,CSM,COMPUTER SCIENCE AND ENGINEERING (ARTIFICIAL INTELLIGENCE AND MACHINE LEARNING)
ASRA,ECE,ELECTRONICS AND COMMUNICATION ENGINEERING
ASRA,EEE,ELECTRICAL AND ELECTRONICS ENGINEERING
ASRA,MEC,MECHANICAL ENGINEERING
AURC,AIM,ARTIFICIAL INTELLIGENCE AND MACHINE LEARNING
AURC,CIV,CIVIL ENGINEERING
AURG,AIM,ARTIFICIAL INTELLIGENCE AND MACHINE LEARNING
AURG,CSE,COMPUTER SCIENCE AND ENGINEERING
AURG,ECE,ELECTRONICS AND COMMUNICATION ENGINEERING
AURG,MEC,MECHANICAL ENGINEERING
AURH,CSD,COMPUTER SCIENCE AND ENGINEERING (DATA SCIENCE)
AURK,AIM,ARTIFICIAL INTELLIGENCE AND MACHINE LEARNING
AVIH,CSC,COMPUTER SCIENCE AND ENGINEERING (CYBER SECURITY)
AVIH,CSD,COMPUTER SCIENCE AND ENGINEERING (DATA SCIENCE)
AVIH,CSE,COMPUTER SCIENCE AND ENGINEERING
AVIH,CSM,COMPUTER SCIENCE AND ENGINEERING (ARTIFICIAL INTELLIGENCE AND MACHINE LEARNING)
AVIH,ECE,ELECTRONICS AND COMMUNICATION ENGINEERING
AVIH,EEE,ELECTRICAL AND ELECTRONICS ENGINEERING
AVIH,MEC,MECHANICAL ENGINEERING
AVNI,AID,ARTIFICIAL INTELLIGENCE AND DATA SCIENCE
AVNI,CIV,CIVIL ENGINEERING
AVNI,CSC,COMPUTER SCIENCE AND ENGINEERING (CYBER SECURITY)
AVNI,CSD,COMPUTER SCIENCE AND ENGINEERING (DATA SCIENCE)
AVNI,CSE,COMPUTER SCIENCE AND ENGINEERING
AVNI,CSM,COMPUTER SCIENCE AND ENGINEERING (ARTIFICIAL INTELLIGENCE AND MACHINE LEARNING)
AVNI,ECE,ELECTRONICS AND COMMUNICATION ENGINEERING
AVNI,MEC,MECHANICAL ENGINEERING
BIET,CIV,CIVIL ENGINEERING
BIET,CSC,COMPUTER SCIENCE AND ENGINEERING (CYBER SECURITY)
BIET,CSD,COMPUTER SCIENCE AND ENGINEERING (DATA SCIENCE)
BIET,CSE,COMPUTER SCIENCE AND ENGINEERING
BIET,CSM,COMPUTER SCIENCE AND ENGINEERING (ARTIFICIAL INTELLIGENCE AND MACHINE LEARNING)
BIET,ECE,ELECTRONICS AND COMMUNICATION ENGINEERING
BIET,EEE,ELECTRICAL AND ELECTRONICS ENGINEERING
BIET,INF,INFORMATION TECHNOLOGY
BIET,MEC,MECHANICAL ENGINEERING
BITN,CIV,CIVIL ENGINEERING
BITN,CSD,COMPUTER SCIENCE AND ENGINEERING (DATA SCIENCE)
BITN,CSE,COMPUTER SCIENCE AND ENGINEERING
BITN,CSM,COMPUTER SCIENCE AND ENGINEERING (ARTIFICIAL INTELLIGENCE AND MACHINE LEARNING)
BITN,CSO,COMPUTER SCIENCE AND ENGINEERING (IOT)
BITN,CSW,COMPUTER ENGINEERING(SOFTWARE ENGINEERING)
BITN,ECE,ELECTRONICS AND COMMUNICATION ENGINEERING
BITN,EEE,ELECTRICAL AND ELECTRONICS ENGINEERING
BITN,MEC,MECHANICAL ENGINEERING
BOMA,CIV,CIVIL ENGINEERING
BOMA,CSE,COMPUTER SCIENCE AND ENGINEERING
BOMA,CSM,COMPUTER SCIENCE AND ENGINEERING (ARTIFICIAL INTELLIGENCE AND MACHINE LEARNING)
BOMA,ECE,ELECTRONICS AND COMMUNICATION ENGINEERING
BOMA,EEE,ELECTRICAL AND ELECTRONICS ENGINEERING
BOMA,MEC,MECHANICAL ENGINEERING
BOSE,CIV,CIVIL ENGINEERING
BOSE,CSD,COMPUTER SCIENCE AND ENGINEERING (DATA SCIENCE)
BOSE,CSE,COMPUTER SCIENCE AND ENGINEERING
BOSE,CSM,COMPUTER SCIENCE AND ENGINEERING (ARTIFICIAL INTELLIGENCE AND MACHINE LEARNING)
BOSE,ECE,ELECTRONICS AND COMMUNICATION ENGINEERING
BOSE,EEE,ELECTRICAL AND ELECTRONICS ENGINEERING
BOSE,MEC,MECHANICAL ENGINEERING
BOSE,MIN,MINING ENGINEERING
BREW,CSE,COMPUTER SCIENCE AND ENGINEERING
BREW,CSM,COMPUTER SCIENCE AND ENGINEERING (ARTIFICIAL INTELLIGENCE AND MACHINE LEARNING)
BREW,ECE,ELECTRONICS AND COMMUNICATION ENGINEERING
BREW,EEE,ELECTRICAL AND ELECTRONICS ENGINEERING
BREW,INF,INFORMATION TECHNOLOGY
BRIG,AID,ARTIFICIAL INTELLIGENCE AND DATA SCIENCE
BRIG,CIV,CIVIL ENGINEERING
BRIG,CSB,COMPUTER SCIENCE AND BUSINESS SYSTEM
BRIG,CSD,COMPUTER SCIENCE AND ENGINEERING (DATA SCIENCE)
BRIG,CSE,COMPUTER SCIENCE AND ENGINEERING
BRIG,CSM,COMPUTER SCIENCE AND ENGINEERING (ARTIFICIAL INTELLIGENCE AND MACHINE LEARNING)
BRIG,ECE,ELECTRONICS AND COMMUNICATION ENGINEERING
BRIG,EEE,ELECTRICAL AND ELECTRONICS ENGINEERING
BRIG,MEC,MECHANICAL ENGINEERING
BRIL,AID,ARTIFICIAL INTELLIGENCE AND DATA SCIENCE
BRIL,CIV,CIVIL ENGINEERING
BRIL,CSC,COMPUTER SCIENCE AND ENGINEERING (CYBER SECURITY)
BRIL,CSD,COMPUTER SCIENCE AND ENGINEERING (DATA SCIENCE)
BRIL,CSE,COMPUTER SCIENCE AND ENGINEERING
BRIL,CSM,COMPUTER SCIENCE AND ENGINEERING (ARTIFICIAL INTELLIGENCE AND MACHINE LEARNING)
BRIL,CSW,COMPUTER ENGINEERING(SOFTWARE ENGINEERING)
BRIL,ECE,ELECTRONICS AND COMMUNICATION ENGINEERING
BRIL,EEE,ELECTRICAL AND ELECTRONICS ENGINEERING
BRIL,MEC,MECHANICAL ENGINEERING
BSKR,AID,ARTIFICIAL INTELLIGENCE AND DATA SCIENCE
BSKR,CSE,COMPUTER SCIENCE AND ENGINEERING
BSKR,CSM,COMPUTER SCIENCE AND ENGINEERING (ARTIFICIAL INTELLIGENCE AND MACHINE LEARNING)
BSKR,ECE,ELECTRONICS AND COMMUNICATION ENGINEERING
BSKR,INF,INFORMATION TECHNOLOGY
BVRI,AID,ARTIFICIAL INTELLIGENCE AND DATA SCIENCE
BVRI,BME,BIO-MEDICAL ENGINEERING
BVRI,CHE,CHEMICAL ENGINEERING
BVRI,CIV,CIVIL ENGINEERING
BVRI,CSB,COMPUTER SCIENCE AND BUSINESS SYSTEM
BVRI,CSD,COMPUTER SCIENCE AND ENGINEERING (DATA SCIENCE)
BVRI,CSE,COMPUTER SCIENCE AND ENGINEERING
BVRI,CSM,COMPUTER SCIENCE AND ENGINEERING (ARTIFICIAL INTELLIGENCE AND MACHINE LEARNING)
BVRI,ECE,ELECTRONICS AND COMMUNICATION ENGINEERING
BVRI,EEE,ELECTRICAL AND ELECTRONICS ENGINEERING
BVRI,INF,INFORMATION TECHNOLOGY
BVRI,MEC,MECHANICAL ENGINEERING
BVRI,PHE,PHARMACEUTICAL ENGINEERING
BVRW,CSE,COMPUTER SCIENCE AND ENGINEERING
BVRW,CSM,COMPUTER SCIENCE AND ENGINEERING (ARTIFICIAL INTELLIGENCE AND MACHINE LEARNING)
BVRW,ECE,ELECTRONICS AND COMMUNICATION ENGINEERING
BVRW,EEE,ELECTRICAL AND ELECTRONICS ENGINEERING
BVRW,INF,INFORMATION TECHNOLOGY
CASR,AGR,AGRICULTURAL ENGINEERING
CBIT,AID,ARTIFICIAL INTELLIGENCE AND DATA SCIENCE
CBIT,AIM,ARTIFICIAL INTELLIGENCE AND MACHINE LEARNING
CBIT,BIO,BIO-TECHNOLOGY
CBIT,CHE,CHEMICAL ENGINEERING
CBIT,CIC,CSE (IoT AND CYBER SECURITY INCLUDING BLOCK CHAIN TECHNOLOGY)
CBIT,CIV,CIVIL ENGINEERING
CBIT,CSE,COMPUTER SCIENCE AND ENGINEERING
CBIT,CSM,COMPUTER SCIENCE AND ENGINEERING (ARTIFICIAL INTELLIGENCE AND MACHINE LEARNING)
CBIT,ECE,ELECTRONICS AND COMMUNICATION ENGINEERING
CBIT,EEE,ELECTRICAL AND ELECTRONICS ENGINEERING
CBIT,EVL,ELECTRONICS ENGINEERING (VLSI DESIGN AND TECHNOLOGY)
CBIT,INF,INFORMATION TECHNOLOGY
CBIT,MEC,MECHANICAL ENGINEERING
CDTK,DRG,DAIRYING
CFSR,FDT,FOOD TECHNOLOGY
CHET,CIV,CIVIL ENGINEERING
CHET,CSD,COMPUTER SCIENCE AND ENGINEERING (DATA SCIENCE)
CHET,CSE,COMPUTER SCIENCE AND ENGINEERING
CHET,CSM,COMPUTER SCIENCE AND ENGINEERING (ARTIFICIAL INTELLIGENCE AND MACHINE LEARNING)
CHET,ECE,ELECTRONICS AND COMMUNICATION ENGINEERING
CHET,EEE,ELECTRICAL AND ELECTRONICS ENGINEERING
CHET,MEC,MECHANICAL ENGINEERING
CHTN,CIV,CIVIL ENGINEERING
CHTN,CSE,COMPUTER SCIENCE AND ENGINEERING
CHTN,CSG,COMPUTER SCIENCE & DESIGN
CHTN,ECE,ELECTRONICS AND COMMUNICATION ENGINEERING
CHTN,EEE,ELECTRICAL AND ELECTRONICS ENGINEERING
CHTN,MEC,MECHANICAL ENGINEERING
CHTS,AIM,ARTIFICIAL INTELLIGENCE AND MACHINE LEARNING
CHTS,CSE,COMPUTER SCIENCE AND ENGINEERING
CHTS,CSM,COMPUTER SCIENCE AND ENGINEERING (ARTIFICIAL INTELLIGENCE AND MACHINE LEARNING)
CHTS,ECE,ELECTRONICS AND COMMUNICATION ENGINEERING
CHTS,EEE,ELECTRICAL AND ELECTRONICS ENGINEERING
CMRG,CSD,COMPUTER SCIENCE AND ENGINEERING (DATA SCIENCE)
CMRG,CSE,COMPUTER SCIENCE AND ENGINEERING
CMRG,CSI,COMPUTER SCIENCE AND INFORMATION TECHNOLOGY
CMRG,CSM,COMPUTER SCIENCE AND ENGINEERING (ARTIFICIAL INTELLIGENCE AND MACHINE LEARNING)
CMRG,ECE,ELECTRONICS AND COMMUNICATION ENGINEERING
CMRG,INF,INFORMATION TECHNOLOGY
CMRK,CIV,CIVIL ENGINEERING
CMRK,CSC,COMPUTER SCIENCE AND ENGINEERING (CYBER SECURITY)
CMRK,CSD,COMPUTER SCIENCE AND ENGINEERING (DATA SCIENCE)
CMRK,CSE,COMPUTER SCIENCE AND ENGINEERING
CMRK,CSM,COMPUTER SCIENCE AND ENGINEERING (ARTIFICIAL INTELLIGENCE AND MACHINE LEARNING)
CMRK,ECE,ELECTRONICS AND COMMUNICATION ENGINEERING
CMRK,EEE,ELECTRICAL AND ELECTRONICS ENGINEERING
CMRK,MEC,MECHANICAL ENGINEERING
CMRM,CSD,COMPUTER SCIENCE AND ENGINEERING (DATA SCIENCE)
CMRM,CSE,COMPUTER SCIENCE AND ENGINEERING
CMRM,CSM,COMPUTER SCIENCE AND ENGINEERING (ARTIFICIAL INTELLIGENCE AND MACHINE LEARNING)
CMRM,ECE,ELECTRONICS AND COMMUNICATION ENGINEERING
CMRN,CSD,COMPUTER SCIENCE AND ENGINEERING (DATA SCIENCE)
CMRN,CSE,COMPUTER SCIENCE AND ENGINEERING
CMRN,CSM,COMPUTER SCIENCE AND ENGINEERING (ARTIFICIAL INTELLIGENCE AND MACHINE LEARNING)
CMRN,ECE,ELECTRONICS AND COMMUNICATION ENGINEERING
CMRN,INF,INFORMATION TECHNOLOGY
CVRH,AID,ARTIFICIAL INTELLIGENCE AND DATA SCIENCE
CVRH,AIM,ARTIFICIAL INTELLIGENCE AND MACHINE LEARNING
CVRH,CIV,CIVIL ENGINEERING
CVRH,CSB,COMPUTER SCIENCE AND BUSINESS SYSTEM
CVRH,CSC,COMPUTER SCIENCE AND ENGINEERING (CYBER SECURITY)
CVRH,CSD,COMPUTER SCIENCE AND ENGINEERING (DATA SCIENCE)
CVRH,CSE,COMPUTER SCIENCE AND ENGINEERING
CVRH,CSM,COMPUTER SCIENCE AND ENGINEERING (ARTIFICIAL INTELLIGENCE AND MACHINE LEARNING)
CVRH,ECE,ELECTRONICS AND COMMUNICATION ENGINEERING
CVRH,EEE,ELECTRICAL AND ELECTRONICS ENGINEERING
CVRH,EIE,ELECTRONICS AND INSTRUMENTATION ENGINEERING
CVRH,EVL,ELECTRONICS ENGINEERING (VLSI DESIGN AND TECHNOLOGY)
CVRH,INF,INFORMATION TECHNOLOGY
CVRH,MEC,MECHANICAL ENGINEERING
CVSR,AI,ARTIFICIAL INTELLIGENCE
CVSR,CIV,CIVIL ENGINEERING
CVSR,CSE,COMPUTER SCIENCE AND ENGINEERING
CVSR,ECE,ELECTRONICS AND COMMUNICATION ENGINEERING
CVSR,EEE,ELECTRICAL AND ELECTRONICS ENGINEERING
CVSR,INF,INFORMATION TECHNOLOGY
CVSR,MEC,MECHANICAL ENGINEERING
DARE,CSE,COMPUTER SCIENCE AND ENGINEERING
DARE,ECE,ELECTRONICS AND COMMUNICATION ENGINEERING
DRKC,CIV,CIVIL ENGINEERING
DRKC,CSC,COMPUTER SCIENCE AND ENGINEERING (CYBER SECURITY)
DRKC,CSD,COMPUTER SCIENCE AND ENGINEERING (DATA SCIENCE)
DRKC,CSE,COMPUTER SCIENCE AND ENGINEERING
DRKC,ECE,ELECTRONICS AND COMMUNICATION ENGINEERING
DRKI,CIV,CIVIL ENGINEERING
DRKI,CSC,COMPUTER SCIENCE AND ENGINEERING (CYBER SECURITY)
DRKI,CSD,COMPUTER SCIENCE AND ENGINEERING (DATA SCIENCE)
DRKI,CSE,COMPUTER SCIENCE AND ENGINEERING
DRKI,CSM,COMPUTER SCIENCE AND ENGINEERING (ARTIFICIAL INTELLIGENCE AND MACHINE LEARNING)
DRKI,ECE,ELECTRONICS AND COMMUNICATION ENGINEERING
DRKI,EEE,ELECTRICAL AND ELECTRONICS ENGINEERING
DRKI,MEC,MECHANICAL ENGINEERING
ELEN,CIV,CIVIL ENGINEERING
ELEN,CSC,COMPUTER SCIENCE AND ENGINEERING (CYBER SECURITY)
ELEN,CSD,COMPUTER SCIENCE AND ENGINEERING (DATA SCIENCE)
ELEN,CSE,COMPUTER SCIENCE AND ENGINEERING
ELEN,CSM,COMPUTER SCIENCE AND ENGINEERING (ARTIFICIAL INTELLIGENCE AND MACHINE LEARNING)
ELEN,ECE,ELECTRONICS AND COMMUNICATION ENGINEERING
ELEN,EEE,ELECTRICAL AND ELECTRONICS ENGINEERING
ELEN,MEC,MECHANICAL ENGINEERING
ESUT,CSE,COMPUTER SCIENCE AND ENGINEERING
ESUT,EEE,ELECTRICAL AND ELECTRONICS ENGINEERING
ESUT,MIN,MINING ENGINEERING
GATE,AID,ARTIFICIAL INTELLIGENCE AND DATA SCIENCE
GATE,BIO,BIO-TECHNOLOGY
GATE,CIV,CIVIL ENGINEERING
GATE,CSE,COMPUTER SCIENCE AND ENGINEERING
GATE,CSG,COMPUTER SCIENCE & DESIGN
GATE,CSM,COMPUTER SCIENCE AND ENGINEERING (ARTIFICIAL INTELLIGENCE AND MACHINE LEARNING)
GATE,ECE,ELECTRONICS AND COMMUNICATION ENGINEERING
GATE,EEE,ELECTRICAL AND ELECTRONICS ENGINEERING
GATE,MIN,MINING ENGINEERING
GATE,PHE,PHARMACEUTICAL ENGINEERING
GCTC,CIV,CIVIL ENGINEERING
GCTC,CSC,COMPUTER SCIENCE AND ENGINEERING (CYBER SECURITY)
GCTC,CSD,COMPUTER SCIENCE AND ENGINEERING (DATA SCIENCE)
GCTC,CSE,COMPUTER SCIENCE AND ENGINEERING
GCTC,CSM,COMPUTER SCIENCE AND ENGINEERING (ARTIFICIAL INTELLIGENCE AND MACHINE LEARNING)
GCTC,ECE,ELECTRONICS AND COMMUNICATION ENGINEERING
GCTC,EEE,ELECTRICAL AND ELECTRONICS ENGINEERING
GCTC,MEC,MECHANICAL ENGINEERING
GKEM,AIM,ARTIFICIAL INTELLIGENCE AND MACHINE LEARNING
GKEM,CSE,COMPUTER SCIENCE AND ENGINEERING
GLOB,CIV,CIVIL ENGINEERING
GLOB,CSD,COMPUTER SCIENCE AND ENGINEERING (DATA SCIENCE)
GLOB,CSE,COMPUTER SCIENCE AND ENGINEERING
GLOB,CSM,COMPUTER SCIENCE AND ENGINEERING (ARTIFICIAL INTELLIGENCE AND MACHINE LEARNING)
GLOB,ECE,ELECTRONICS AND COMMUNICATION ENGINEERING
GLOB,MEC,MECHANICAL ENGINEERING
GLWC,CS,COMPUTER SCIENCE
GLWC,CSE,COMPUTER SCIENCE AND ENGINEERING
GLWC,CSM,COMPUTER SCIENCE AND ENGINEERING (ARTIFICIAL INTELLIGENCE AND MACHINE LEARNING)
GNIT,AID,ARTIFICIAL INTELLIGENCE AND DATA SCIENCE
GNIT,CIV,CIVIL ENGINEERING
GNIT,CSC,COMPUTER SCIENCE AND ENGINEERING (CYBER SECURITY)
GNIT,CSE,COMPUTER SCIENCE AND ENGINEERING
GNIT,CSM,COMPUTER SCIENCE AND ENGINEERING (ARTIFICIAL INTELLIGENCE AND MACHINE LEARNING)
GNIT,ECE,ELECTRONICS AND COMMUNICATION ENGINEERING
GNIT,EEE,ELECTRICAL AND ELECTRONICS ENGINEERING
GNIT,INF,INFORMATION TECHNOLOGY
GNIT,MEC,MECHANICAL ENGINEERING
GNPT,CSC,COMPUTER SCIENCE AND ENGINEERING (CYBER SECURITY)
GNPT,CSE,COMPUTER SCIENCE AND ENGINEERING
GNPT,CSM,COMPUTER SCIENCE AND ENGINEERING (ARTIFICIAL INTELLIGENCE AND MACHINE LEARNING)
GNPT,ECE,ELECTRONICS AND COMMUNICATION ENGINEERING
GNTW,CSD,COMPUTER SCIENCE AND ENGINEERING (DATA SCIENCE)
GNTW,CSE,COMPUTER SCIENCE AND ENGINEERING
GNTW,CSM,COMPUTER SCIENCE AND ENGINEERING (ARTIFICIAL INTELLIGENCE AND MACHINE LEARNING)
GNTW,ECE,ELECTRONICS AND COMMUNICATION ENGINEERING
GNTW,EEE,ELECTRICAL AND ELECTRONICS ENGINEERING
GNTW,ETM,ELECTRONICS AND TELEMATICS
GNTW,INF,INFORMATION TECHNOLOGY
GRRR,CIV,CIVIL ENGINEERING
GRRR,CSA,COMPUTER SCIENCE AND ENGG (ARTIFICIAL INTELLIGENCE)
GRRR,CSB,COMPUTER SCIENCE AND BUSINESS SYSTEM
GRRR,CSD,COMPUTER SCIENCE AND ENGINEERING (DATA SCIENCE)
GRRR,CSE,COMPUTER SCIENCE AND ENGINEERING
GRRR,CSI,COMPUTER SCIENCE AND INFORMATION TECHNOLOGY
GRRR,CSM,COMPUTER SCIENCE AND ENGINEERING (ARTIFICIAL INTELLIGENCE AND MACHINE LEARNING)
GRRR,ECE,ELECTRONICS AND COMMUNICATION ENGINEERING
GRRR,EEE,ELECTRICAL AND ELECTRONICS ENGINEERING
GRRR,INF,INFORMATION TECHNOLOGY
GRRR,MEC,MECHANICAL ENGINEERING
GURU,AID,ARTIFICIAL INTELLIGENCE AND DATA SCIENCE
GURU,CIV,CIVIL ENGINEERING
GURU,CSC,COMPUTER SCIENCE AND ENGINEERING (CYBER SECURITY)
GURU,CSD,COMPUTER SCIENCE AND ENGINEERING (DATA SCIENCE)
GURU,CSE,COMPUTER SCIENCE AND ENGINEERING
GURU,CSM,COMPUTER SCIENCE AND ENGINEERING (ARTIFICIAL INTELLIGENCE AND MACHINE LEARNING)
GURU,CSO,COMPUTER SCIENCE AND ENGINEERING (IOT)
GURU,ECE,ELECTRONICS AND COMMUNICATION ENGINEERING
GURU,EEE,ELECTRICAL AND ELECTRONICS ENGINEERING
GURU,EVL,ELECTRONICS ENGINEERING (VLSI DESIGN AND TECHNOLOGY)
GURU,INF,INFORMATION TECHNOLOGY
GURU,MEC,MECHANICAL ENGINEERING
HITM,CSD,COMPUTER SCIENCE AND ENGINEERING (DATA SCIENCE)
HITM,CSE,COMPUTER SCIENCE AND ENGINEERING
HITM,CSM,COMPUTER SCIENCE AND ENGINEERING (ARTIFICIAL INTELLIGENCE AND MACHINE LEARNING)
HITM,ECE,ELECTRONICS AND COMMUNICATION ENGINEERING
HITM,EEE,ELECTRICAL AND ELECTRONICS ENGINEERING
HITM,MEC,MECHANICAL ENGINEERING
HOLY,CIV,CIVIL ENGINEERING
HOLY,CSD,COMPUTER SCIENCE AND ENGINEERING (DATA SCIENCE)
HOLY,CSE,COMPUTER SCIENCE AND ENGINEERING
HOLY,CSM,COMPUTER SCIENCE AND ENGINEERING (ARTIFICIAL INTELLIGENCE AND MACHINE LEARNING)
HOLY,CSO,COMPUTER SCIENCE AND ENGINEERING (IOT)
HOLY,ECE,ELECTRONICS AND COMMUNICATION ENGINEERING
HOLY,EEE,ELECTRICAL AND ELECTRONICS ENGINEERING
HOLY,MEC,MECHANICAL ENGINEERING
IARE,ANE,AERONAUTICAL ENGINEERING
IARE,CIV,CIVIL ENGINEERING
IARE,CSC,COMPUTER SCIENCE AND ENGINEERING (CYBER SECURITY)
IARE,CSD,COMPUTER SCIENCE AND ENGINEERING (DATA SCIENCE)
IARE,CSE,COMPUTER SCIENCE AND ENGINEERING
IARE,CSM,COMPUTER SCIENCE AND ENGINEERING (ARTIFICIAL INTELLIGENCE AND MACHINE LEARNING)
IARE,ECE,ELECTRONICS AND COMMUNICATION ENGINEERING
IARE,EEE,ELECTRICAL AND ELECTRONICS ENGINEERING
IARE,INF,INFORMATION TECHNOLOGY
IARE,MEC,MECHANICAL ENGINEERING
IITT,CIV,CIVIL ENGINEERING
IITT,CSC,COMPUTER SCIENCE AND ENGINEERING (CYBER SECURITY)
IITT,CSE,COMPUTER SCIENCE AND ENGINEERING
IITT,CSM,COMPUTER SCIENCE AND ENGINEERING (ARTIFICIAL INTELLIGENCE AND MACHINE LEARNING)
IITT,ECE,ELECTRONICS AND COMMUNICATION ENGINEERING
IITT,EEE,ELECTRICAL AND ELECTRONICS ENGINEERING
IITT,MEC,MECHANICAL ENGINEERING
INDI,AID,ARTIFICIAL INTELLIGENCE AND DATA SCIENCE
INDI,CIV,CIVIL ENGINEERING
INDI,CSC,COMPUTER SCIENCE AND ENGINEERING (CYBER SECURITY)
INDI,CSD,COMPUTER SCIENCE AND ENGINEERING (DATA SCIENCE)
INDI,CSE,COMPUTER SCIENCE AND ENGINEERING
INDI,CSM,COMPUTER SCIENCE AND ENGINEERING (ARTIFICIAL INTELLIGENCE AND MACHINE LEARNING)
INDI,CSO,COMPUTER SCIENCE AND ENGINEERING (IOT)
INDI,ECE,ELECTRONICS AND COMMUNICATION ENGINEERING
INDU,AID,ARTIFICIAL INTELLIGENCE AND DATA SCIENCE
INDU,CIV,CIVIL ENGINEERING
INDU,CSC,COMPUTER SCIENCE AND ENGINEERING (CYBER SECURITY)
INDU,CSD,COMPUTER SCIENCE AND ENGINEERING (DATA SCIENCE)
INDU,CSE,COMPUTER SCIENCE AND ENGINEERING
INDU,CSI,COMPUTER SCIENCE AND INFORMATION TECHNOLOGY
INDU,CSM,COMPUTER SCIENCE AND ENGINEERING (ARTIFICIAL INTELLIGENCE AND MACHINE LEARNING)
INDU,CSO,COMPUTER SCIENCE AND ENGINEERING (IOT)
INDU,ECE,ELECTRONICS AND COMMUNICATION ENGINEERING
INDU,EEE,ELECTRICAL AND ELECTRONICS ENGINEERING
INDU,INF,INFORMATION TECHNOLOGY
INDU,MEC,MECHANICAL ENGINEERING
JAYA,CIV,CIVIL ENGINEERING
JAYA,CSD,COMPUTER SCIENCE AND ENGINEERING (DATA SCIENCE)
JAYA,CSE,COMPUTER SCIENCE AND ENGINEERING
JAYA,CSI,COMPUTER SCIENCE AND INFORMATION TECHNOLOGY
JAYA,CSM,COMPUTER SCIENCE AND ENGINEERING (ARTIFICIAL INTELLIGENCE AND MACHINE LEARNING)
JAYA,ECE,ELECTRONICS AND COMMUNICATION ENGINEERING
JAYA,EEE,ELECTRICAL AND ELECTRONICS ENGINEERING
JAYA,MEC,MECHANICAL ENGINEERING
JBIT,AID,ARTIFICIAL INTELLIGENCE AND DATA SCIENCE
JBIT,AIM,ARTIFICIAL INTELLIGENCE AND MACHINE LEARNING
JBIT,CIV,CIVIL ENGINEERING
JBIT,CSD,COMPUTER SCIENCE AND ENGINEERING (DATA SCIENCE)
JBIT,CSE,COMPUTER SCIENCE AND ENGINEERING
JBIT,CSM,COMPUTER SCIENCE AND ENGINEERING (ARTIFICIAL INTELLIGENCE AND MACHINE LEARNING)
JBIT,ECE,ELECTRONICS AND COMMUNICATION ENGINEERING
JBIT,ECM,ELECTRONICS AND COMPUTER ENGINEERING
JBIT,EEE,ELECTRICAL AND ELECTRONICS ENGINEERING
JBIT,INF,INFORMATION TECHNOLOGY
JBIT,MEC,MECHANICAL ENGINEERING
JMTS,AIM,ARTIFICIAL INTELLIGENCE AND MACHINE LEARNING
JMTS,CIV,CIVIL ENGINEERING
JMTS,CSE,COMPUTER SCIENCE AND ENGINEERING
JMTS,CSM,COMPUTER SCIENCE AND ENGINEERING (ARTIFICIAL INTELLIGENCE AND MACHINE LEARNING)
JMTS,ECE,ELECTRONICS AND COMMUNICATION ENGINEERING
JMTS,EEE,ELECTRICAL AND ELECTRONICS ENGINEERING
JMTS,MEC,MECHANICAL ENGINEERING
JNKR,CSE,COMPUTER SCIENCE AND ENGINEERING
JNKR,ECE,ELECTRONICS AND COMMUNICATION ENGINEERING
JNKR,EEE,ELECTRICAL AND ELECTRONICS ENGINEERING
JNKR,INF,INFORMATION TECHNOLOGY
JNKR,MEC,MECHANICAL ENGINEERING
JNMB,CSD,COMPUTER SCIENCE AND ENGINEERING (DATA SCIENCE)
JNMB,CSE,COMPUTER SCIENCE AND ENGINEERING
JNMB,ECE,ELECTRONICS AND COMMUNICATION ENGINEERING
JNMB,EEE,ELECTRICAL AND ELECTRONICS ENGINEERING
JNMB,MEC,MECHANICAL ENGINEERING
JNPL,CSD,COMPUTER SCIENCE AND ENGINEERING (DATA SCIENCE)
JNPL,CSE,COMPUTER SCIENCE AND ENGINEERING
JNPL,ECE,ELECTRONICS AND COMMUNICATION ENGINEERING
JNPL,EEE,ELECTRICAL AND ELECTRONICS ENGINEERING
JNPL,MEC,MECHANICAL ENGINEERING
JNTH,BIO,BIO-TECHNOLOGY
JNTH,CHE,CHEMICAL ENGINEERING
JNTH,CIV,CIVIL ENGINEERING
JNTH,CSC,COMPUTER SCIENCE AND ENGINEERING (CYBER SECURITY)
JNTH,CSE,COMPUTER SCIENCE AND ENGINEERING
JNTH,CSM,COMPUTER SCIENCE AND ENGINEERING (ARTIFICIAL INTELLIGENCE AND MACHINE LEARNING)
JNTH,ECE,ELECTRONICS AND COMMUNICATION ENGINEERING
JNTH,EEE,ELECTRICAL AND ELECTRONICS ENGINEERING
JNTH,GEO,GEO INFORMATICS
JNTH,MEC,MECHANICAL ENGINEERING
JNTH,MET,METALLURGICAL ENGINEERING
JNTM,CIV,CIVIL ENGINEERING
JNTM,CSE,COMPUTER SCIENCE AND ENGINEERING
JNTM,CSM,COMPUTER SCIENCE AND ENGINEERING (ARTIFICIAL INTELLIGENCE AND MACHINE LEARNING)
JNTM,EEE,ELECTRICAL AND ELECTRONICS ENGINEERING
JNTM,MEC,MECHANICAL ENGINEERING
JNTM,MIN,MINING ENGINEERING
JNTR,CIV,CIVIL ENGINEERING
JNTR,CSE,COMPUTER SCIENCE AND ENGINEERING
JNTR,ECE,ELECTRONICS AND COMMUNICATION ENGINEERING
JNTR,EEE,ELECTRICAL AND ELECTRONICS ENGINEERING
JNTR,MEC,MECHANICAL ENGINEERING
JNTR,TEX,TEXTILE TECHNOLOGY / TEXTILE ENGINEERING
JNTS,CIV,CIVIL ENGINEERING
JNTS,CSC,COMPUTER SCIENCE AND ENGINEERING (CYBER SECURITY)
JNTS,CSE,COMPUTER SCIENCE AND ENGINEERING
JNTS,CSM,COMPUTER SCIENCE AND ENGINEERING (ARTIFICIAL INTELLIGENCE AND MACHINE LEARNING)
JNTS,ECE,ELECTRONICS AND COMMUNICATION ENGINEERING
JNTS,EEE,ELECTRICAL AND ELECTRONICS ENGINEERING
JNTS,MEC,MECHANICAL ENGINEERING
JNWN,CIV,CIVIL ENGINEERING
JNWN,CSE,COMPUTER SCIENCE AND ENGINEERING
JNWN,CSM,COMPUTER SCIENCE AND ENGINEERING (ARTIFICIAL INTELLIGENCE AND MACHINE LEARNING)
JNWN,ECE,ELECTRONICS AND COMMUNICATION ENGINEERING
JNWN,MEC,MECHANICAL ENGINEERING
JOGI,CSD,COMPUTER SCIENCE AND ENGINEERING (DATA SCIENCE)
JOGI,CSE,COMPUTER SCIENCE AND ENGINEERING
JOGI,CSM,COMPUTER SCIENCE AND ENGINEERING (ARTIFICIAL INTELLIGENCE AND MACHINE LEARNING)
JOGI,ECE,ELECTRONICS AND COMMUNICATION ENGINEERING
JOGI,EEE,ELECTRICAL AND ELECTRONICS ENGINEERING
JOGI,INF,INFORMATION TECHNOLOGY
JOGI,MEC,MECHANICAL ENGINEERING
JPNE,AIM,ARTIFICIAL INTELLIGENCE AND MACHINE LEARNING
JPNE,CIV,CIVIL ENGINEERING
JPNE,CSC,COMPUTER SCIENCE AND ENGINEERING (CYBER SECURITY)
JPNE,CSD,COMPUTER SCIENCE AND ENGINEERING (DATA SCIENCE)
JPNE,CSE,COMPUTER SCIENCE AND ENGINEERING
JPNE,ECE,ELECTRONICS AND COMMUNICATION ENGINEERING
JPNE,EEE,ELECTRICAL AND ELECTRONICS ENGINEERING
JPNE,MEC,MECHANICAL ENGINEERING
KCEA,CIV,CIVIL ENGINEERING
KCEA,CSD,COMPUTER SCIENCE AND ENGINEERING (DATA SCIENCE)
KCEA,CSE,COMPUTER SCIENCE AND ENGINEERING
KCEA,ECE,ELECTRONICS AND COMMUNICATION ENGINEERING
KCEA,EEE,ELECTRICAL AND ELECTRONICS ENGINEERING
KCEA,MEC,MECHANICAL ENGINEERING
KDDW,CIV,CIVIL ENGINEERING
KDDW,CSE,COMPUTER SCIENCE AND ENGINEERING
KDDW,ECE,ELECTRONICS AND COMMUNICATION ENGINEERING
KDDW,EEE,ELECTRICAL AND ELECTRONICS ENGINEERING
KGRH,CIV,CIVIL ENGINEERING
KGRH,CSD,COMPUTER SCIENCE AND ENGINEERING (DATA SCIENCE)
KGRH,CSE,COMPUTER SCIENCE AND ENGINEERING
KGRH,CSM,COMPUTER SCIENCE AND ENGINEERING (ARTIFICIAL INTELLIGENCE AND MACHINE LEARNING)
KGRH,ECE,ELECTRONICS AND COMMUNICATION ENGINEERING
KGRH,MEC,MECHANICAL ENGINEERING
KITS,CIV,CIVIL ENGINEERING
KITS,CSD,COMPUTER SCIENCE AND ENGINEERING (DATA SCIENCE)
KITS,CSE,COMPUTER SCIENCE AND ENGINEERING
KITS,CSM,COMPUTER SCIENCE AND ENGINEERING (ARTIFICIAL INTELLIGENCE AND MACHINE LEARNING)
KITS,CSN,COMPUTER SCIENCE & ENGINEERING (NETWORKS)
KITS,CSO,COMPUTER SCIENCE AND ENGINEERING (IOT)
KITS,ECE,ELECTRONICS AND COMMUNICATION ENGINEERING
KITS,ECI,ELECTRONICS COMMUNICATION AND INSTRUMENTATION ENGINEERING
KITS,EEE,ELECTRICAL AND ELECTRONICS ENGINEERING
KITS,INF,INFORMATION TECHNOLOGY
KITS,MEC,MECHANICAL ENGINEERING
KITW,AIM,ARTIFICIAL INTELLIGENCE AND MACHINE LEARNING
KITW,CIV,CIVIL ENGINEERING
KITW,CSE,COMPUTER SCIENCE AND ENGINEERING
KITW,ECE,ELECTRONICS AND COMMUNICATION ENGINEERING
KITW,EEE,ELECTRICAL AND ELECTRONICS ENGINEERING
KLRT,CIV,CIVIL ENGINEERING
KLRT,CSD,COMPUTER SCIENCE AND ENGINEERING (DATA SCIENCE)
KLRT,CSE,COMPUTER SCIENCE AND ENGINEERING
KLRT,CSM,COMPUTER SCIENCE AND ENGINEERING (ARTIFICIAL INTELLIGENCE AND MACHINE LEARNING)
KLRT,ECE,ELECTRONICS AND COMMUNICATION ENGINEERING
KLRT,EEE,ELECTRICAL AND ELECTRONICS ENGINEERING
KLRT,MEC,MECHANICAL ENGINEERING
KLRT,MIN,MINING ENGINEERING
KMCE,CSC,COMPUTER SCIENCE AND ENGINEERING (CYBER SECURITY)
KMCE,CSD,COMPUTER SCIENCE AND ENGINEERING (DATA SCIENCE)
KMCE,CSE,COMPUTER SCIENCE AND ENGINEERING
KMCE,CSM,COMPUTER SCIENCE AND ENGINEERING (ARTIFICIAL INTELLIGENCE AND MACHINE LEARNING)
KMCE,CSO,COMPUTER SCIENCE AND ENGINEERING (IOT)
KMCE,ECE,ELECTRONICS AND COMMUNICATION ENGINEERING
KMEC,CS,COMPUTER SCIENCE
KMEC,CSE,COMPUTER SCIENCE AND ENGINEERING
KMEC,CSM,COMPUTER SCIENCE AND ENGINEERING (ARTIFICIAL INTELLIGENCE AND MACHINE LEARNING)
KMIT,CSD,COMPUTER SCIENCE AND ENGINEERING (DATA SCIENCE)
KMIT,CSE,COMPUTER SCIENCE AND ENGINEERING
KMIT,CSM,COMPUTER SCIENCE AND ENGINEERING (ARTIFICIAL INTELLIGENCE AND MACHINE LEARNING)
KMIT,INF,INFORMATION TECHNOLOGY
KMTS,CSD,COMPUTER SCIENCE AND ENGINEERING (DATA SCIENCE)
KMTS,CSE,COMPUTER SCIENCE AND ENGINEERING
KMTS,CSM,COMPUTER SCIENCE AND ENGINEERING (ARTIFICIAL INTELLIGENCE AND MACHINE LEARNING)
KMTS,ECE,ELECTRONICS AND COMMUNICATION ENGINEERING
KMTS,EEE,ELECTRICAL AND ELECTRONICS ENGINEERING
KMTS,MEC,MECHANICAL ENGINEERING
KNRR,CIV,CIVIL ENGINEERING
KNRR,CSC,COMPUTER SCIENCE AND ENGINEERING (CYBER SECURITY)
KNRR,CSD,COMPUTER SCIENCE AND ENGINEERING (DATA SCIENCE)
KNRR,CSE,COMPUTER SCIENCE AND ENGINEERING
KNRR,CSM,COMPUTER SCIENCE AND ENGINEERING (ARTIFICIAL INTELLIGENCE AND MACHINE LEARNING)
KNRR,ECE,ELECTRONICS AND COMMUNICATION ENGINEERING
KNRR,EEE,ELECTRICAL AND ELECTRONICS ENGINEERING
KNRR,MEC,MECHANICAL ENGINEERING
KPRC,CSE,COMPUTER SCIENCE AND ENGINEERING
KPRC,CSM,COMPUTER SCIENCE AND ENGINEERING (ARTIFICIAL INTELLIGENCE AND MACHINE LEARNING)
KPRT,CIV,CIVIL ENGINEERING
KPRT,CSD,COMPUTER SCIENCE AND ENGINEERING (DATA SCIENCE)
KPRT,CSE,COMPUTER SCIENCE AND ENGINEERING
KPRT,CSM,COMPUTER SCIENCE AND ENGINEERING (ARTIFICIAL INTELLIGENCE AND MACHINE LEARNING)
KPRT,ECE,ELECTRONICS AND COMMUNICATION ENGINEERING
KSGI,CSD,COMPUTER SCIENCE AND ENGINEERING (DATA SCIENCE)
KSGI,CSE,COMPUTER SCIENCE AND ENGINEERING
KSGI,CSM,COMPUTER SCIENCE AND ENGINEERING (ARTIFICIAL INTELLIGENCE AND MACHINE LEARNING)
KTKM,AIM,ARTIFICIAL INTELLIGENCE AND MACHINE LEARNING
KTKM,CIV,CIVIL ENGINEERING
KTKM,CSD,COMPUTER SCIENCE AND ENGINEERING (DATA SCIENCE)
KTKM,CSE,COMPUTER SCIENCE AND ENGINEERING
KTKM,CSO,COMPUTER SCIENCE AND ENGINEERING (IOT)
KTKM,ECE,ELECTRONICS AND COMMUNICATION ENGINEERING
KTKM,EEE,ELECTRICAL AND ELECTRONICS ENGINEERING
KTKM,INF,INFORMATION TECHNOLOGY
KTKM,MEC,MECHANICAL ENGINEERING
KUCE,CSE,COMPUTER SCIENCE AND ENGINEERING
KUCE,EEE,ELECTRICAL AND ELECTRONICS ENGINEERING
KUCE,MIN,MINING ENGINEERING
KUWL,CIV,CIVIL ENGINEERING
KUWL,CSD,COMPUTER SCIENCE AND ENGINEERING (DATA SCIENCE)
KUWL,CSE,COMPUTER SCIENCE AND ENGINEERING
KUWL,ECE,ELECTRONICS AND COMMUNICATION ENGINEERING
KUWL,EEE,ELECTRICAL AND ELECTRONICS ENGINEERING
KUWL,INF,INFORMATION TECHNOLOGY
KUWL,MEC,MECHANICAL ENGINEERING
MDRK,CSD,COMPUTER SCIENCE AND ENGINEERING (DATA SCIENCE)
MDRK,CSE,COMPUTER SCIENCE AND ENGINEERING
MDRK,CSM,COMPUTER SCIENCE AND ENGINEERING (ARTIFICIAL INTELLIGENCE AND MACHINE LEARNING)
MDRK,ECE,ELECTRONICS AND COMMUNICATION ENGINEERING
MDRK,EEE,ELECTRICAL AND ELECTRONICS ENGINEERING
MECS,AIM,ARTIFICIAL INTELLIGENCE AND MACHINE LEARNING
MECS,CIV,CIVIL ENGINEERING
MECS,CME,COMPUTER ENGINEERING
MECS,CSD,COMPUTER SCIENCE AND ENGINEERING (DATA SCIENCE)
MECS,CSE,COMPUTER SCIENCE AND ENGINEERING
MECS,ECE,ELECTRONICS AND COMMUNICATION ENGINEERING
MECS,EEE,ELECTRICAL AND ELECTRONICS ENGINEERING
MECS,INF,INFORMATION TECHNOLOGY
MECS,MEC,MECHANICAL ENGINEERING
METH,AID,ARTIFICIAL INTELLIGENCE AND DATA SCIENCE
METH,CIV,CIVIL ENGINEERING
METH,CSA,COMPUTER SCIENCE AND ENGG (ARTIFICIAL INTELLIGENCE)
METH,CSE,COMPUTER SCIENCE AND ENGINEERING
METH,CSM,COMPUTER SCIENCE AND ENGINEERING (ARTIFICIAL INTELLIGENCE AND MACHINE LEARNING)
METH,ECE,ELECTRONICS AND COMMUNICATION ENGINEERING
METH,EEE,ELECTRICAL AND ELECTRONICS ENGINEERING
METH,MEC,MECHANICAL ENGINEERING
MGHA,AID,ARTIFICIAL INTELLIGENCE AND DATA SCIENCE
MGHA,AIM,ARTIFICIAL INTELLIGENCE AND MACHINE LEARNING
MGHA,CIV,CIVIL ENGINEERING
MGHA,CSE,COMPUTER SCIENCE AND ENGINEERING
MGHA,CSI,COMPUTER SCIENCE AND INFORMATION TECHNOLOGY
MGHA,ECE,ELECTRONICS AND COMMUNICATION ENGINEERING
MGHA,EEE,ELECTRICAL AND ELECTRONICS ENGINEERING
MGIT,CIV,CIVIL ENGINEERING
MGIT,CSB,COMPUTER SCIENCE AND BUSINESS SYSTEM
MGIT,CSD,COMPUTER SCIENCE AND ENGINEERING (DATA SCIENCE)
MGIT,CSE,COMPUTER SCIENCE AND ENGINEERING
MGIT,CSM,COMPUTER SCIENCE AND ENGINEERING (ARTIFICIAL INTELLIGENCE AND MACHINE LEARNING)
MGIT,ECE,ELECTRONICS AND COMMUNICATION ENGINEERING
MGIT,EEE,ELECTRICAL AND ELECTRONICS ENGINEERING
MGIT,INF,INFORMATION TECHNOLOGY
MGIT,MCT,MECHANICAL (MECHTRONICS) ENGINEERING
MGIT,MEC,MECHANICAL ENGINEERING
MGIT,MMT,METALLURGY AND MATERIAL ENGINEERING
MHVR,ANE,AERONAUTICAL ENGINEERING
MHVR,CIV,CIVIL ENGINEERING
MHVR,CSE,COMPUTER SCIENCE AND ENGINEERING
MHVR,CSM,COMPUTER SCIENCE AND ENGINEERING (ARTIFICIAL INTELLIGENCE AND MACHINE LEARNING)
MHVR,ECE,ELECTRONICS AND COMMUNICATION ENGINEERING
MHVR,EEE,ELECTRICAL AND ELECTRONICS ENGINEERING
MHVR,INF,INFORMATION TECHNOLOGY
MHVR,MEC,MECHANICAL ENGINEERING
MINA,CSD,COMPUTER SCIENCE AND ENGINEERING (DATA SCIENCE)
MINA,CSE,COMPUTER SCIENCE AND ENGINEERING
MINA,CSM,COMPUTER SCIENCE AND ENGINEERING (ARTIFICIAL INTELLIGENCE AND MACHINE LEARNING)
MINA,ECE,ELECTRONICS AND COMMUNICATION ENGINEERING
MINA,EEE,ELECTRICAL AND ELECTRONICS ENGINEERING
MLID,ANE,AERONAUTICAL ENGINEERING
MLID,CSD,COMPUTER SCIENCE AND ENGINEERING (DATA SCIENCE)
MLID,CSE,COMPUTER SCIENCE AND ENGINEERING
MLID,CSI,COMPUTER SCIENCE AND INFORMATION TECHNOLOGY
MLID,CSM,COMPUTER SCIENCE AND ENGINEERING (ARTIFICIAL INTELLIGENCE AND MACHINE LEARNING)
MLID,ECE,ELECTRONICS AND COMMUNICATION ENGINEERING
MLID,EEE,ELECTRICAL AND ELECTRONICS ENGINEERING
MLID,INF,INFORMATION TECHNOLOGY
MLID,MEC,MECHANICAL ENGINEERING
MLRD,ANE,AERONAUTICAL ENGINEERING
MLRD,CIV,CIVIL ENGINEERING
MLRD,CSC,COMPUTER SCIENCE AND ENGINEERING (CYBER SECURITY)
MLRD,CSD,COMPUTER SCIENCE AND ENGINEERING (DATA SCIENCE)
MLRD,CSE,COMPUTER SCIENCE AND ENGINEERING
MLRD,CSI,COMPUTER SCIENCE AND INFORMATION TECHNOLOGY
MLRD,CSM,COMPUTER SCIENCE AND ENGINEERING (ARTIFICIAL INTELLIGENCE AND MACHINE LEARNING)
MLRD,ECE,ELECTRONICS AND COMMUNICATION ENGINEERING
MLRD,EEE,ELECTRICAL AND ELECTRONICS ENGINEERING
MLRD,MEC,MECHANICAL ENGINEERING
MLRS,CIV,CIVIL ENGINEERING
MLRS,CSC,COMPUTER SCIENCE AND ENGINEERING (CYBER SECURITY)
MLRS,CSD,COMPUTER SCIENCE AND ENGINEERING (DATA SCIENCE)
MLRS,CSE,COMPUTER SCIENCE AND ENGINEERING
MLRS,CSM,COMPUTER SCIENCE AND ENGINEERING (ARTIFICIAL INTELLIGENCE AND MACHINE LEARNING)
MLRS,ECE,ELECTRONICS AND COMMUNICATION ENGINEERING
MLRS,EEE,ELECTRICAL AND ELECTRONICS ENGINEERING
MLRS,INF,INFORMATION TECHNOLOGY
MLRS,MEC,MECHANICAL ENGINEERING
MNRT,CSD,COMPUTER SCIENCE AND ENGINEERING (DATA SCIENCE)
MNRT,CSE,COMPUTER SCIENCE AND ENGINEERING
MNRT,CSM,COMPUTER SCIENCE AND ENGINEERING (ARTIFICIAL INTELLIGENCE AND MACHINE LEARNING)
MNRT,ECE,ELECTRONICS AND COMMUNICATION ENGINEERING
MNRT,MEC,MECHANICAL ENGINEERING
MOTK,CIV,CIVIL ENGINEERING
MOTK,CSD,COMPUTER SCIENCE AND ENGINEERING (DATA SCIENCE)
MOTK,CSE,COMPUTER SCIENCE AND ENGINEERING
MOTK,CSI,COMPUTER SCIENCE AND INFORMATION TECHNOLOGY
MOTK,CSM,COMPUTER SCIENCE AND ENGINEERING (ARTIFICIAL INTELLIGENCE AND MACHINE LEARNING)
MOTK,ECE,ELECTRONICS AND COMMUNICATION ENGINEERING
MOTK,EEE,ELECTRICAL AND ELECTRONICS ENGINEERING
MOTK,MEC,MECHANICAL ENGINEERING
MOTK,MIN,MINING ENGINEERING
MRCE,CSD,COMPUTER SCIENCE AND ENGINEERING (DATA SCIENCE)
MRCE,CSE,COMPUTER SCIENCE AND ENGINEERING
MRCE,CSM,COMPUTER SCIENCE AND ENGINEERING (ARTIFICIAL INTELLIGENCE AND MACHINE LEARNING)
MRCE,ECE,ELECTRONICS AND COMMUNICATION ENGINEERING
MRCW,CSC,COMPUTER SCIENCE AND ENGINEERING (CYBER SECURITY)
MRCW,CSD,COMPUTER SCIENCE AND ENGINEERING (DATA SCIENCE)
MRCW,CSE,COMPUTER SCIENCE AND ENGINEERING
MRCW,CSI,COMPUTER SCIENCE AND INFORMATION TECHNOLOGY
MRCW,CSM,COMPUTER SCIENCE AND ENGINEERING (ARTIFICIAL INTELLIGENCE AND MACHINE LEARNING)
MRCW,CSO,COMPUTER SCIENCE AND ENGINEERING (IOT)
MRCW,ECE,ELECTRONICS AND COMMUNICATION ENGINEERING
MRCW,EEE,ELECTRICAL AND ELECTRONICS ENGINEERING
MRCW,INF,INFORMATION TECHNOLOGY
MREC,CIV,CIVIL ENGINEERING
MREC,CSD,COMPUTER SCIENCE AND ENGINEERING (DATA SCIENCE)
MREC,CSE,COMPUTER SCIENCE AND ENGINEERING
MREC,CSI,COMPUTER SCIENCE AND INFORMATION TECHNOLOGY
MREC,CSM,COMPUTER SCIENCE AND ENGINEERING (ARTIFICIAL INTELLIGENCE AND MACHINE LEARNING)
MREC,CSO,COMPUTER SCIENCE AND ENGINEERING (IOT)
MREC,ECE,ELECTRONICS AND COMMUNICATION ENGINEERING
MREC,EEE,ELECTRICAL AND ELECTRONICS ENGINEERING
MREC,INF,INFORMATION TECHNOLOGY
MREC,MEC,MECHANICAL ENGINEERING
MREC,MIN,MINING ENGINEERING
MREM,CIV,CIVIL ENGINEERING
MREM,CSC,COMPUTER SCIENCE AND ENGINEERING (CYBER SECURITY)
MREM,CSD,COMPUTER SCIENCE AND ENGINEERING (DATA SCIENCE)
MREM,CSE,COMPUTER SCIENCE AND ENGINEERING
MREM,CSM,COMPUTER SCIENCE AND ENGINEERING (ARTIFICIAL INTELLIGENCE AND MACHINE LEARNING)
MREM,CSO,COMPUTER SCIENCE AND ENGINEERING (IOT)
MREM,ECE,ELECTRONICS AND COMMUNICATION ENGINEERING
MREM,EEE,ELECTRICAL AND ELECTRONICS ENGINEERING
MREM,INF,INFORMATION TECHNOLOGY
MREM,MEC,MECHANICAL ENGINEERING
MREW,CSD,COMPUTER SCIENCE AND ENGINEERING (DATA SCIENCE)
MREW,CSE,COMPUTER SCIENCE AND ENGINEERING
MREW,CSM,COMPUTER SCIENCE AND ENGINEERING (ARTIFICIAL INTELLIGENCE AND MACHINE LEARNING)
MREW,ECE,ELECTRONICS AND COMMUNICATION ENGINEERING
MRIT,CSD,COMPUTER SCIENCE AND ENGINEERING (DATA SCIENCE)
MRIT,CSE,COMPUTER SCIENCE AND ENGINEERING
MRIT,CSM,COMPUTER SCIENCE AND ENGINEERING (ARTIFICIAL INTELLIGENCE AND MACHINE LEARNING)
MRIT,ECE,ELECTRONICS AND COMMUNICATION ENGINEERING
MRTN,AID,ARTIFICIAL INTELLIGENCE AND DATA SCIENCE
MRTN,AIM,ARTIFICIAL INTELLIGENCE AND MACHINE LEARNING
MRTN,CIV,CIVIL ENGINEERING
MRTN,CSE,COMPUTER SCIENCE AND ENGINEERING
MRTN,CSG,COMPUTER SCIENCE & DESIGN
MRTN,CSM,COMPUTER SCIENCE AND ENGINEERING (ARTIFICIAL INTELLIGENCE AND MACHINE LEARNING)
MRTN,ECE,ELECTRONICS AND COMMUNICATION ENGINEERING
MRTN,EEE,ELECTRICAL AND ELECTRONICS ENGINEERING
MRTN,INF,INFORMATION TECHNOLOGY
MRTN,MEC,MECHANICAL ENGINEERING
MTEC,BIO,BIO-TECHNOLOGY
MTEC,CSC,COMPUTER SCIENCE AND ENGINEERING (CYBER SECURITY)
MTEC,CSD,COMPUTER SCIENCE AND ENGINEERING (DATA SCIENCE)
MTEC,CSE,COMPUTER SCIENCE AND ENGINEERING
MTEC,CSI,COMPUTER SCIENCE AND INFORMATION TECHNOLOGY
MTEC,CSM,COMPUTER SCIENCE AND ENGINEERING (ARTIFICIAL INTELLIGENCE AND MACHINE LEARNING)
MTEC,ECE,ELECTRONICS AND COMMUNICATION ENGINEERING
MTEC,EEE,ELECTRICAL AND ELECTRONICS ENGINEERING
MVSR,CIC,CSE (IoT AND CYBER SECURITY INCLUDING BLOCK CHAIN TECHNOLOGY)
MVSR,CIV,CIVIL ENGINEERING
MVSR,CSD,COMPUTER SCIENCE AND ENGINEERING (DATA SCIENCE)
MVSR,CSE,COMPUTER SCIENCE AND ENGINEERING
MVSR,CSI,COMPUTER SCIENCE AND INFORMATION TECHNOLOGY
MVSR,CSM,COMPUTER SCIENCE AND ENGINEERING (ARTIFICIAL INTELLIGENCE AND MACHINE LEARNING)
MVSR,ECE,ELECTRONICS AND COMMUNICATION ENGINEERING
MVSR,EEE,ELECTRICAL AND ELECTRONICS ENGINEERING
MVSR,INF,INFORMATION TECHNOLOGY
MVSR,MEC,MECHANICAL ENGINEERING
NGIT,CS,COMPUTER SCIENCE
NGIT,CSE,COMPUTER SCIENCE AND ENGINEERING
NGIT,CSM,COMPUTER SCIENCE AND ENGINEERING (ARTIFICIAL INTELLIGENCE AND MACHINE LEARNING)
NGMA,CSE,COMPUTER SCIENCE AND ENGINEERING
NGMA,CSM,COMPUTER SCIENCE AND ENGINEERING (ARTIFICIAL INTELLIGENCE AND MACHINE LEARNING)
NGMA,ECE,ELECTRONICS AND COMMUNICATION ENGINEERING
NIET,CIV,CIVIL ENGINEERING
NIET,CSE,COMPUTER SCIENCE AND ENGINEERING
NIET,ECE,ELECTRONICS AND COMMUNICATION ENGINEERING
NIET,EEE,ELECTRICAL AND ELECTRONICS ENGINEERING
NNRG,CIV,CIVIL ENGINEERING
NNRG,CSD,COMPUTER SCIENCE AND ENGINEERING (DATA SCIENCE)
NNRG,CSE,COMPUTER SCIENCE AND ENGINEERING
NNRG,CSM,COMPUTER SCIENCE AND ENGINEERING (ARTIFICIAL INTELLIGENCE AND MACHINE LEARNING)
NNRG,ECE,ELECTRONICS AND COMMUNICATION ENGINEERING
NNRG,INF,INFORMATION TECHNOLOGY
NRCM,CIV,CIVIL ENGINEERING
NRCM,CSC,COMPUTER SCIENCE AND ENGINEERING (CYBER SECURITY)
NRCM,CSE,COMPUTER SCIENCE AND ENGINEERING
NRCM,CSM,COMPUTER SCIENCE AND ENGINEERING (ARTIFICIAL INTELLIGENCE AND MACHINE LEARNING)
NRCM,ECE,ELECTRONICS AND COMMUNICATION ENGINEERING
NRCM,EEE,ELECTRICAL AND ELECTRONICS ENGINEERING
NRCM,INF,INFORMATION TECHNOLOGY
NRCM,MEC,MECHANICAL ENGINEERING
NREC,AID,ARTIFICIAL INTELLIGENCE AND DATA SCIENCE
NREC,CIV,CIVIL ENGINEERING
NREC,CSE,COMPUTER SCIENCE AND ENGINEERING
NREC,CSM,COMPUTER SCIENCE AND ENGINEERING (ARTIFICIAL INTELLIGENCE AND MACHINE LEARNING)
NREC,ECE,ELECTRONICS AND COMMUNICATION ENGINEERING
NREC,EEE,ELECTRICAL AND ELECTRONICS ENGINEERING
NREC,MEC,MECHANICAL ENGINEERING
OUCE,AIM,ARTIFICIAL INTELLIGENCE AND MACHINE LEARNING
OUCE,BME,BIO-MEDICAL ENGINEERING
OUCE,CIV,CIVIL ENGINEERING
OUCE,CSE,COMPUTER SCIENCE AND ENGINEERING
OUCE,ECE,ELECTRONICS AND COMMUNICATION ENGINEERING
OUCE,EEE,ELECTRICAL AND ELECTRONICS ENGINEERING
OUCE,MEC,MECHANICAL ENGINEERING
OUCE,MIN,MINING ENGINEERING
OUCT,CHE,CHEMICAL ENGINEERING
OUCT,FDT,FOOD TECHNOLOGY
OUCT,TEX,TEXTILE TECHNOLOGY / TEXTILE ENGINEERING
PALV,CIV,CIVIL ENGINEERING
PALV,CSC,COMPUTER SCIENCE AND ENGINEERING (CYBER SECURITY)
PALV,CSD,COMPUTER SCIENCE AND ENGINEERING (DATA SCIENCE)
PALV,CSE,COMPUTER SCIENCE AND ENGINEERING
PALV,CSM,COMPUTER SCIENCE AND ENGINEERING (ARTIFICIAL INTELLIGENCE AND MACHINE LEARNING)
PALV,ECE,ELECTRONICS AND COMMUNICATION ENGINEERING
PALV,EEE,ELECTRICAL AND ELECTRONICS ENGINEERING
PETW,CIV,CIVIL ENGINEERING
PETW,CSC,COMPUTER SCIENCE AND ENGINEERING (CYBER SECURITY)
PETW,CSD,COMPUTER SCIENCE AND ENGINEERING (DATA SCIENCE)
PETW,CSE,COMPUTER SCIENCE AND ENGINEERING
PETW,CSM,COMPUTER SCIENCE AND ENGINEERING (ARTIFICIAL INTELLIGENCE AND MACHINE LEARNING)
PETW,ECE,ELECTRONICS AND COMMUNICATION ENGINEERING
PRIW,AID,ARTIFICIAL INTELLIGENCE AND DATA SCIENCE
PRIW,CSE,COMPUTER SCIENCE AND ENGINEERING
PRIW,CSM,COMPUTER SCIENCE AND ENGINEERING (ARTIFICIAL INTELLIGENCE AND MACHINE LEARNING)
PRIW,ECE,ELECTRONICS AND COMMUNICATION ENGINEERING
PRIW,EEE,ELECTRICAL AND ELECTRONICS ENGINEERING
PUCE,CSD,COMPUTER SCIENCE AND ENGINEERING (DATA SCIENCE)
PUCE,CSE,COMPUTER SCIENCE AND ENGINEERING
PUCE,CSM,COMPUTER SCIENCE AND ENGINEERING (ARTIFICIAL INTELLIGENCE AND MACHINE LEARNING)
RITW,CSE,COMPUTER SCIENCE AND ENGINEERING
RITW,ECE,ELECTRONICS AND COMMUNICATION ENGINEERING
RITW,INF,INFORMATION TECHNOLOGY
SAIS,AID,ARTIFICIAL INTELLIGENCE AND DATA SCIENCE
SAIS,CSE,COMPUTER SCIENCE AND ENGINEERING
SAIS,CSM,COMPUTER SCIENCE AND ENGINEERING (ARTIFICIAL INTELLIGENCE AND MACHINE LEARNING)
SAIS,ECE,ELECTRONICS AND COMMUNICATION ENGINEERING
SAIS,EEE,ELECTRICAL AND ELECTRONICS ENGINEERING
SAIS,MEC,MECHANICAL ENGINEERING
SBIT,CIV,CIVIL ENGINEERING
SBIT,CSD,COMPUTER SCIENCE AND ENGINEERING (DATA SCIENCE)
SBIT,CSE,COMPUTER SCIENCE AND ENGINEERING
SBIT,CSM,COMPUTER SCIENCE AND ENGINEERING (ARTIFICIAL INTELLIGENCE AND MACHINE LEARNING)
SBIT,ECE,ELECTRONICS AND COMMUNICATION ENGINEERING
SBIT,EEE,ELECTRICAL AND ELECTRONICS ENGINEERING
SBIT,MEC,MECHANICAL ENGINEERING
SCIT,CIV,CIVIL ENGINEERING
SCIT,CSD,COMPUTER SCIENCE AND ENGINEERING (DATA SCIENCE)
SCIT,CSE,COMPUTER SCIENCE AND ENGINEERING
SCIT,CSM,COMPUTER SCIENCE AND ENGINEERING (ARTIFICIAL INTELLIGENCE AND MACHINE LEARNING)
SCIT,ECE,ELECTRONICS AND COMMUNICATION ENGINEERING
SCIT,EEE,ELECTRICAL AND ELECTRONICS ENGINEERING
SCIT,MEC,MECHANICAL ENGINEERING
SDES,CIV,CIVIL ENGINEERING
SDES,CSB,COMPUTER SCIENCE AND BUSINESS SYSTEM
SDES,CSD,COMPUTER SCIENCE AND ENGINEERING (DATA SCIENCE)
SDES,CSE,COMPUTER SCIENCE AND ENGINEERING
SDES,CSI,COMPUTER SCIENCE AND INFORMATION TECHNOLOGY
SDES,CSM,COMPUTER SCIENCE AND ENGINEERING (ARTIFICIAL INTELLIGENCE AND MACHINE LEARNING)
SDES,ECE,ELECTRONICS AND COMMUNICATION ENGINEERING
SDES,EEE,ELECTRICAL AND ELECTRONICS ENGINEERING
SDES,MEC,MECHANICAL ENGINEERING
SDEW,CSD,COMPUTER SCIENCE AND ENGINEERING (DATA SCIENCE)
SDEW,CSE,COMPUTER SCIENCE AND ENGINEERING
SDEW,CSM,COMPUTER SCIENCE AND ENGINEERING (ARTIFICIAL INTELLIGENCE AND MACHINE LEARNING)
SDEW,ECE,ELECTRONICS AND COMMUNICATION ENGINEERING
SDEW,INF,INFORMATION TECHNOLOGY
SDGI,CSC,COMPUTER SCIENCE AND ENGINEERING (CYBER SECURITY)
SDGI,CSD,COMPUTER SCIENCE AND ENGINEERING (DATA SCIENCE)
SDGI,CSE,COMPUTER SCIENCE AND ENGINEERING
SDGI,CSM,COMPUTER SCIENCE AND ENGINEERING (ARTIFICIAL INTELLIGENCE AND MACHINE LEARNING)
SDGI,ECE,ELECTRONICS AND COMMUNICATION ENGINEERING
SDGI,EEE,ELECTRICAL AND ELECTRONICS ENGINEERING
SDGI,MEC,MECHANICAL ENGINEERING
SIEI,CIV,CIVIL ENGINEERING
SIEI,CSD,COMPUTER SCIENCE AND ENGINEERING (DATA SCIENCE)
SIEI,CSE,COMPUTER SCIENCE AND ENGINEERING
SIEI,CSM,COMPUTER SCIENCE AND ENGINEERING (ARTIFICIAL INTELLIGENCE AND MACHINE LEARNING)
SIEI,ECE,ELECTRONICS AND COMMUNICATION ENGINEERING
SIEI,EEE,ELECTRICAL AND ELECTRONICS ENGINEERING
SIEI,MEC,MECHANICAL ENGINEERING
SISG,CIV,CIVIL ENGINEERING
SISG,CSC,COMPUTER SCIENCE AND ENGINEERING (CYBER SECURITY)
SISG,CSD,COMPUTER SCIENCE AND ENGINEERING (DATA SCIENCE)
SISG,CSE,COMPUTER SCIENCE AND ENGINEERING
SISG,CSM,COMPUTER SCIENCE AND ENGINEERING (ARTIFICIAL INTELLIGENCE AND MACHINE LEARNING)
SISG,CSO,COMPUTER SCIENCE AND ENGINEERING (IOT)
SISG,CSW,COMPUTER ENGINEERING(SOFTWARE ENGINEERING)
SISG,ECE,ELECTRONICS AND COMMUNICATION ENGINEERING
SISG,EEE,ELECTRICAL AND ELECTRONICS ENGINEERING
SISG,MEC,MECHANICAL ENGINEERING
SKEC,CSE,COMPUTER SCIENCE AND ENGINEERING
SKEC,CSM,COMPUTER SCIENCE AND ENGINEERING (ARTIFICIAL INTELLIGENCE AND MACHINE LEARNING)
SMSK,CIV,CIVIL ENGINEERING
SMSK,CSD,COMPUTER SCIENCE AND ENGINEERING (DATA SCIENCE)
SMSK,CSE,COMPUTER SCIENCE AND ENGINEERING
SMSK,CSI,COMPUTER SCIENCE AND INFORMATION TECHNOLOGY
SMSK,CSM,COMPUTER SCIENCE AND ENGINEERING (ARTIFICIAL INTELLIGENCE AND MACHINE LEARNING)
SMSK,ECE,ELECTRONICS AND COMMUNICATION ENGINEERING
SMSK,EEE,ELECTRICAL AND ELECTRONICS ENGINEERING
SNIS,CIV,CIVIL ENGINEERING
SNIS,CSC,COMPUTER SCIENCE AND ENGINEERING (CYBER SECURITY)
SNIS,CSD,COMPUTER SCIENCE AND ENGINEERING (DATA SCIENCE)
SNIS,CSE,COMPUTER SCIENCE AND ENGINEERING
SNIS,CSM,COMPUTER SCIENCE AND ENGINEERING (ARTIFICIAL INTELLIGENCE AND MACHINE LEARNING)
SNIS,CSO,COMPUTER SCIENCE AND ENGINEERING (IOT)
SNIS,ECE,ELECTRONICS AND COMMUNICATION ENGINEERING
SNIS,EEE,ELECTRICAL AND ELECTRONICS ENGINEERING
SNIS,INF,INFORMATION TECHNOLOGY
SNIS,MEC,MECHANICAL ENGINEERING
SNTI,AIM,ARTIFICIAL INTELLIGENCE AND MACHINE LEARNING
SNTI,CSE,COMPUTER SCIENCE AND ENGINEERING
SNTI,CSM,COMPUTER SCIENCE AND ENGINEERING (ARTIFICIAL INTELLIGENCE AND MACHINE LEARNING)
SNTI,ECE,ELECTRONICS AND COMMUNICATION ENGINEERING
SNTI,EEE,ELECTRICAL AND ELECTRONICS ENGINEERING
SPEC,CIV,CIVIL ENGINEERING
SPEC,CSC,COMPUTER SCIENCE AND ENGINEERING (CYBER SECURITY)
SPEC,CSD,COMPUTER SCIENCE AND ENGINEERING (DATA SCIENCE)
SPEC,CSE,COMPUTER SCIENCE AND ENGINEERING
SPEC,CSM,COMPUTER SCIENCE AND ENGINEERING (ARTIFICIAL INTELLIGENCE AND MACHINE LEARNING)
SPEC,ECE,ELECTRONICS AND COMMUNICATION ENGINEERING
SPEC,EEE,ELECTRICAL AND ELECTRONICS ENGINEERING
SPHN,CIV,CIVIL ENGINEERING
SPHN,CSC,COMPUTER SCIENCE AND ENGINEERING (CYBER SECURITY)
SPHN,CSD,COMPUTER SCIENCE AND ENGINEERING (DATA SCIENCE)
SPHN,CSE,COMPUTER SCIENCE AND ENGINEERING
SPHN,CSM,COMPUTER SCIENCE AND ENGINEERING (ARTIFICIAL INTELLIGENCE AND MACHINE LEARNING)
SPHN,ECE,ELECTRONICS AND COMMUNICATION ENGINEERING
SRHP,CIV,CIVIL ENGINEERING
SRHP,CSE,COMPUTER SCIENCE AND ENGINEERING
SRHP,ECE,ELECTRONICS AND COMMUNICATION ENGINEERING
SRHP,EEE,ELECTRICAL AND ELECTRONICS ENGINEERING
SRHP,MEC,MECHANICAL ENGINEERING
SRIW,CSC,COMPUTER SCIENCE AND ENGINEERING (CYBER SECURITY)
SRIW,CSD,COMPUTER SCIENCE AND ENGINEERING (DATA SCIENCE)
SRIW,CSE,COMPUTER SCIENCE AND ENGINEERING
SRIW,CSM,COMPUTER SCIENCE AND ENGINEERING (ARTIFICIAL INTELLIGENCE AND MACHINE LEARNING)
SRIW,ECE,ELECTRONICS AND COMMUNICATION ENGINEERING
SRYS,CIV,CIVIL ENGINEERING
SRYS,CSD,COMPUTER SCIENCE AND ENGINEERING (DATA SCIENCE)
SRYS,CSE,COMPUTER SCIENCE AND ENGINEERING
SRYS,CSM,COMPUTER SCIENCE AND ENGINEERING (ARTIFICIAL INTELLIGENCE AND MACHINE LEARNING)
SRYS,ECE,ELECTRONICS AND COMMUNICATION ENGINEERING
SRYS,MEC,MECHANICAL ENGINEERING
STLW,AID,ARTIFICIAL INTELLIGENCE AND DATA SCIENCE
STLW,CME,COMPUTER ENGINEERING
STLW,CSE,COMPUTER SCIENCE AND ENGINEERING
STLW,CSM,COMPUTER SCIENCE AND ENGINEERING (ARTIFICIAL INTELLIGENCE AND MACHINE LEARNING)
STLW,ECE,ELECTRONICS AND COMMUNICATION ENGINEERING
STLW,EEE,ELECTRICAL AND ELECTRONICS ENGINEERING
STLW,INF,INFORMATION TECHNOLOGY
SUCE,CSA,COMPUTER SCIENCE AND ENGG (ARTIFICIAL INTELLIGENCE)
SUCE,CSE,COMPUTER SCIENCE AND ENGINEERING
SUCE,ECE,ELECTRONICS AND COMMUNICATION ENGINEERING
SUCE,INF,INFORMATION TECHNOLOGY
SVES,CIV,CIVIL ENGINEERING
SVES,CSE,COMPUTER SCIENCE AND ENGINEERING
SVES,CSM,COMPUTER SCIENCE AND ENGINEERING (ARTIFICIAL INTELLIGENCE AND MACHINE LEARNING)
SVES,ECE,ELECTRONICS AND COMMUNICATION ENGINEERING
SVES,EEE,ELECTRICAL AND ELECTRONICS ENGINEERING
SVES,MEC,MECHANICAL ENGINEERING
SVIT,AID,ARTIFICIAL INTELLIGENCE AND DATA SCIENCE
SVIT,CSC,COMPUTER SCIENCE AND ENGINEERING (CYBER SECURITY)
SVIT,CSD,COMPUTER SCIENCE AND ENGINEERING (DATA SCIENCE)
SVIT,CSE,COMPUTER SCIENCE AND ENGINEERING
SVIT,CSM,COMPUTER SCIENCE AND ENGINEERING (ARTIFICIAL INTELLIGENCE AND MACHINE LEARNING)
SVIT,CSO,COMPUTER SCIENCE AND ENGINEERING (IOT)
SVSE,CIV,CIVIL ENGINEERING
SVSE,CSD,COMPUTER SCIENCE AND ENGINEERING (DATA SCIENCE)
SVSE,CSE,COMPUTER SCIENCE AND ENGINEERING
SVSE,CSM,COMPUTER SCIENCE AND ENGINEERING (ARTIFICIAL INTELLIGENCE AND MACHINE LEARNING)
SVSE,CSO,COMPUTER SCIENCE AND ENGINEERING (IOT)
SVSE,ECE,ELECTRONICS AND COMMUNICATION ENGINEERING
SVSE,EEE,ELECTRICAL AND ELECTRONICS ENGINEERING
SVSE,MEC,MECHANICAL ENGINEERING
TCEK,AIM,ARTIFICIAL INTELLIGENCE AND MACHINE LEARNING
TCEK,CSE,COMPUTER SCIENCE AND ENGINEERING
TCEK,CSM,COMPUTER SCIENCE AND ENGINEERING (ARTIFICIAL INTELLIGENCE AND MACHINE LEARNING)
TCEK,ECE,ELECTRONICS AND COMMUNICATION ENGINEERING
TCEK,EEE,ELECTRICAL AND ELECTRONICS ENGINEERING
TCTK,AIM,ARTIFICIAL INTELLIGENCE AND MACHINE LEARNING
TCTK,CSE,COMPUTER SCIENCE AND ENGINEERING
TCTK,ECE,ELECTRONICS AND COMMUNICATION ENGINEERING
TCTK,EEE,ELECTRICAL AND ELECTRONICS ENGINEERING
TKEM,AIM,ARTIFICIAL INTELLIGENCE AND MACHINE LEARNING
TKEM,CIV,CIVIL ENGINEERING
TKEM,CSD,COMPUTER SCIENCE AND ENGINEERING (DATA SCIENCE)
TKEM,CSE,COMPUTER SCIENCE AND ENGINEERING
TKEM,CSM,COMPUTER SCIENCE AND ENGINEERING (ARTIFICIAL INTELLIGENCE AND MACHINE LEARNING)
TKEM,ECE,ELECTRONICS AND COMMUNICATION ENGINEERING
TKEM,EEE,ELECTRICAL AND ELECTRONICS ENGINEERING
TKEM,INF,INFORMATION TECHNOLOGY
TKRC,CIV,CIVIL ENGINEERING
TKRC,CSD,COMPUTER SCIENCE AND ENGINEERING (DATA SCIENCE)
TKRC,CSE,COMPUTER SCIENCE AND ENGINEERING
TKRC,CSM,COMPUTER SCIENCE AND ENGINEERING (ARTIFICIAL INTELLIGENCE AND MACHINE LEARNING)
TKRC,ECE,ELECTRONICS AND COMMUNICATION ENGINEERING
TKRC,EEE,ELECTRICAL AND ELECTRONICS ENGINEERING
TKRC,INF,INFORMATION TECHNOLOGY
TKRC,MEC,MECHANICAL ENGINEERING
TPCE,CSE,COMPUTER SCIENCE AND ENGINEERING
TPCE,CSM,COMPUTER SCIENCE AND ENGINEERING (ARTIFICIAL INTELLIGENCE AND MACHINE LEARNING)
TPCE,ECE,ELECTRONICS AND COMMUNICATION ENGINEERING
TRRM,CSE,COMPUTER SCIENCE AND ENGINEERING
TRRM,INF,INFORMATION TECHNOLOGY
TUCE,CSA,COMPUTER SCIENCE AND ENGG (ARTIFICIAL INTELLIGENCE)
TUCE,CSE,COMPUTER SCIENCE AND ENGINEERING
TUCE,CSI,COMPUTER SCIENCE AND INFORMATION TECHNOLOGY
VAGE,CIV,CIVIL ENGINEERING
VAGE,CSD,COMPUTER SCIENCE AND ENGINEERING (DATA SCIENCE)
VAGE,CSE,COMPUTER SCIENCE AND ENGINEERING
VAGE,CSM,COMPUTER SCIENCE AND ENGINEERING (ARTIFICIAL INTELLIGENCE AND MACHINE LEARNING)
VAGE,ECE,ELECTRONICS AND COMMUNICATION ENGINEERING
VAGE,EEE,ELECTRICAL AND ELECTRONICS ENGINEERING
VAGE,MEC,MECHANICAL ENGINEERING
VASV,CIV,CIVIL ENGINEERING
VASV,CSE,COMPUTER SCIENCE AND ENGINEERING
VASV,CSM,COMPUTER SCIENCE AND ENGINEERING (ARTIFICIAL INTELLIGENCE AND MACHINE LEARNING)
VASV,ECE,ELECTRONICS AND COMMUNICATION ENGINEERING
VASV,EEE,ELECTRICAL AND ELECTRONICS ENGINEERING
VASV,INF,INFORMATION TECHNOLOGY
VASV,MEC,MECHANICAL ENGINEERING
VBIT,CIV,CIVIL ENGINEERING
VBIT,CSB,COMPUTER SCIENCE AND BUSINESS SYSTEM
VBIT,CSC,COMPUTER SCIENCE AND ENGINEERING (CYBER SECURITY)
VBIT,CSD,COMPUTER SCIENCE AND ENGINEERING (DATA SCIENCE)
VBIT,CSE,COMPUTER SCIENCE AND ENGINEERING
VBIT,CSM,COMPUTER SCIENCE AND ENGINEERING (ARTIFICIAL INTELLIGENCE AND MACHINE LEARNING)
VBIT,ECE,ELECTRONICS AND COMMUNICATION ENGINEERING
VBIT,EEE,ELECTRICAL AND ELECTRONICS ENGINEERING
VBIT,INF,INFORMATION TECHNOLOGY
VBIT,MEC,MECHANICAL ENGINEERING
VCET,AIM,ARTIFICIAL INTELLIGENCE AND MACHINE LEARNING
VCET,CIV,CIVIL ENGINEERING
VCET,CSD,COMPUTER SCIENCE AND ENGINEERING (DATA SCIENCE)
VCET,CSE,COMPUTER SCIENCE AND ENGINEERING
VCET,CSM,COMPUTER SCIENCE AND ENGINEERING (ARTIFICIAL INTELLIGENCE AND MACHINE LEARNING)
VCET,ECE,ELECTRONICS AND COMMUNICATION ENGINEERING
VCET,EEE,ELECTRICAL AND ELECTRONICS ENGINEERING
VCET,MEC,MECHANICAL ENGINEERING
VGNT,AID,ARTIFICIAL INTELLIGENCE AND DATA SCIENCE
VGNT,AIM,ARTIFICIAL INTELLIGENCE AND MACHINE LEARNING
VGNT,CIV,CIVIL ENGINEERING
VGNT,CSD,COMPUTER SCIENCE AND ENGINEERING (DATA SCIENCE)
VGNT,CSE,COMPUTER SCIENCE AND ENGINEERING
VGNT,CSM,COMPUTER SCIENCE AND ENGINEERING (ARTIFICIAL INTELLIGENCE AND MACHINE LEARNING)
VGNT,ECE,ELECTRONICS AND COMMUNICATION ENGINEERING
VGNT,EEE,ELECTRICAL AND ELECTRONICS ENGINEERING
VGNT,EIE,ELECTRONICS AND INSTRUMENTATION ENGINEERING
VGNT,INF,INFORMATION TECHNOLOGY
VGNT,MEC,MECHANICAL ENGINEERING
VGSE,CIV,CIVIL ENGINEERING
VGSE,CSD,COMPUTER SCIENCE AND ENGINEERING (DATA SCIENCE)
VGSE,CSE,COMPUTER SCIENCE AND ENGINEERING
VGSE,CSM,COMPUTER SCIENCE AND ENGINEERING (ARTIFICIAL INTELLIGENCE AND MACHINE LEARNING)
VGSE,ECE,ELECTRONICS AND COMMUNICATION ENGINEERING
VGSE,EEE,ELECTRICAL AND ELECTRONICS ENGINEERING
VGSE,MEC,MECHANICAL ENGINEERING
VGWL,CSD,COMPUTER SCIENCE AND ENGINEERING (DATA SCIENCE)
VGWL,CSE,COMPUTER SCIENCE AND ENGINEERING
VGWL,CSM,COMPUTER SCIENCE AND ENGINEERING (ARTIFICIAL INTELLIGENCE AND MACHINE LEARNING)
VGWL,ECE,ELECTRONICS AND COMMUNICATION ENGINEERING
VISA,CIV,CIVIL ENGINEERING
VISA,CSD,COMPUTER SCIENCE AND ENGINEERING (DATA SCIENCE)
VISA,CSE,COMPUTER SCIENCE AND ENGINEERING
VISA,CSM,COMPUTER SCIENCE AND ENGINEERING (ARTIFICIAL INTELLIGENCE AND MACHINE LEARNING)
VISA,ECE,ELECTRONICS AND COMMUNICATION ENGINEERING
VISA,INF,INFORMATION TECHNOLOGY
VISA,MEC,MECHANICAL ENGINEERING
VITS,CIV,CIVIL ENGINEERING
VITS,CSD,COMPUTER SCIENCE AND ENGINEERING (DATA SCIENCE)
VITS,CSE,COMPUTER SCIENCE AND ENGINEERING
VITS,ECE,ELECTRONICS AND COMMUNICATION ENGINEERING
VITS,EEE,ELECTRICAL AND ELECTRONICS ENGINEERING
VJEC,AID,ARTIFICIAL INTELLIGENCE AND DATA SCIENCE
VJEC,AUT,AUTOMOBILE ENGINEERING
VJEC,BIO,BIO-TECHNOLOGY
VJEC,CIV,CIVIL ENGINEERING
VJEC,CSB,COMPUTER SCIENCE AND BUSINESS SYSTEM
VJEC,CSC,COMPUTER SCIENCE AND ENGINEERING (CYBER SECURITY)
VJEC,CSD,COMPUTER SCIENCE AND ENGINEERING (DATA SCIENCE)
VJEC,CSE,COMPUTER SCIENCE AND ENGINEERING
VJEC,CSM,COMPUTER SCIENCE AND ENGINEERING (ARTIFICIAL INTELLIGENCE AND MACHINE LEARNING)
VJEC,CSO,COMPUTER SCIENCE AND ENGINEERING (IOT)
VJEC,ECE,ELECTRONICS AND COMMUNICATION ENGINEERING
VJEC,EEE,ELECTRICAL AND ELECTRONICS ENGINEERING
VJEC,EIE,ELECTRONICS AND INSTRUMENTATION ENGINEERING
VJEC,EVL,ELECTRONICS ENGINEERING (VLSI DESIGN AND TECHNOLOGY)
VJEC,INF,INFORMATION TECHNOLOGY
VJEC,MEC,MECHANICAL ENGINEERING
VJIT,AI,ARTIFICIAL INTELLIGENCE
VJIT,AID,ARTIFICIAL INTELLIGENCE AND DATA SCIENCE
VJIT,CIV,CIVIL ENGINEERING
VJIT,CSD,COMPUTER SCIENCE AND ENGINEERING (DATA SCIENCE)
VJIT,CSE,COMPUTER SCIENCE AND ENGINEERING
VJIT,CSM,COMPUTER SCIENCE AND ENGINEERING (ARTIFICIAL INTELLIGENCE AND MACHINE LEARNING)
VJIT,ECE,ELECTRONICS AND COMMUNICATION ENGINEERING
VJIT,EEE,ELECTRICAL AND ELECTRONICS ENGINEERING
VJIT,INF,INFORMATION TECHNOLOGY
VJIT,MEC,MECHANICAL ENGINEERING
VJYA,CSD,COMPUTER SCIENCE AND ENGINEERING (DATA SCIENCE)
VJYA,CSE,COMPUTER SCIENCE AND ENGINEERING
VJYA,CSM,COMPUTER SCIENCE AND ENGINEERING (ARTIFICIAL INTELLIGENCE AND MACHINE LEARNING)
VJYA,ECE,ELECTRONICS AND COMMUNICATION ENGINEERING
VJYA,EEE,ELECTRICAL AND ELECTRONICS ENGINEERING
VMEG,CIV,CIVIL ENGINEERING
VMEG,CSD,COMPUTER SCIENCE AND ENGINEERING (DATA SCIENCE)
VMEG,CSE,COMPUTER SCIENCE AND ENGINEERING
VMEG,CSM,COMPUTER SCIENCE AND ENGINEERING (ARTIFICIAL INTELLIGENCE AND MACHINE LEARNING)
VMEG,ECE,ELECTRONICS AND COMMUNICATION ENGINEERING
VMEG,EEE,ELECTRICAL AND ELECTRONICS ENGINEERING
VMEG,INF,INFORMATION TECHNOLOGY
VMEG,MEC,MECHANICAL ENGINEERING
VMRH,CSE,COMPUTER SCIENCE AND ENGINEERING
VMRH,ECE,ELECTRONICS AND COMMUNICATION ENGINEERING
VMTW,CSD,COMPUTER SCIENCE AND ENGINEERING (DATA SCIENCE)
VMTW,CSE,COMPUTER SCIENCE AND ENGINEERING
VMTW,CSM,COMPUTER SCIENCE AND ENGINEERING (ARTIFICIAL INTELLIGENCE AND MACHINE LEARNING)
VMTW,ECE,ELECTRONICS AND COMMUNICATION ENGINEERING
VMTW,INF,INFORMATION TECHNOLOGY
VREC,CIV,CIVIL ENGINEERING
VREC,CSE,COMPUTER SCIENCE AND ENGINEERING
VREC,CSM,COMPUTER SCIENCE AND ENGINEERING (ARTIFICIAL INTELLIGENCE AND MACHINE LEARNING)
VREC,ECE,ELECTRONICS AND COMMUNICATION ENGINEERING
VREC,EEE,ELECTRICAL AND ELECTRONICS ENGINEERING
VREC,MEC,MECHANICAL ENGINEERING
VVKN,CSE,COMPUTER SCIENCE AND ENGINEERING
VVKN,CSM,COMPUTER SCIENCE AND ENGINEERING (ARTIFICIAL INTELLIGENCE AND MACHINE LEARNING)
VVKN,ECE,ELECTRONICS AND COMMUNICATION ENGINEERING
WITS,CIV,CIVIL ENGINEERING
WITS,CSE,COMPUTER SCIENCE AND ENGINEERING
WITS,ECE,ELECTRONICS AND COMMUNICATION ENGINEERING
