collegeCode,collegeName,place,district,coEducation,collegeType,yearEstablished,tuitionFee,affiliatedTo
AARM,AAR MAHAVEER ENGINEERING COLLEGE,BANDLAGUDA,HYD,COED,PVT,,,JNTUH
ACEG,"A C E ENGINEERING COLLEGE
(AUTONOMOUS)",GHATKESAR,MDL,COED,PVT,,,JNTUH
AITH,"ANNAMACHARYA INST OF TECHNOLOGY
AND SCI (AUTONOMOUS)",HAYATHNAGAR,RR,COED,PVT,,,JNTUH
AKIT,"ABDULKALAM INST OF TECHNOLOGY AND
SCI",KOTHAGUDEM,KGM,COED,PVT,,,JNTUH
ANRK,"ANURAG ENGINEERING COLLEGE
(AUTONOMOUS)",KODAD,SRP,COED,PVT,,,JNTUH
ANUG,"ANURAG UNIVERSITY (FORMERLY ANURAG
GRP OF INSTNS- CVSR COLL OF ENGG)",GHATKESAR,MDL,COED,PVT,,,"ANURAG
UNIVERSITY"
ARJN,"ARJUN COLLEGE OF TECHNOLOGY AND
SCIENCE (AUTONOMOUS)",BATASINGARAM,RR,COED,PVT,,,JNTUH
ASRA,"AVANTHIS SCIENTIFIC TECH AND RESEARCH
ACADEMY",HAYATHNAGAR,RR,COED,PVT,,,JNTUH
AURC,"AURORA SCIENTIFIC AND TECH RESEARCH
ACADEMY",HYDERABAD,HYD,COED,PVT,,,JNTUH
AURG,"AURORAS SCIENTIFIC AND TECHNOLOGICAL
INSTITUTE",GHATKESAR,MDL,COED,PVT,,,JNTUH
AURH,RAMAPPA ENGINEERING COLLEGE,HANAMKONDA,HNK,COED,PVT,,,JNTUH
AURK,"AURORA S TECHNOLOGICAL AND
MANAGEMENT ACADEMY",UPPAL,MDL,COED,PVT,,,JNTUH
AVIH,"AVANTHI INST OF ENGG AND TECHNOLOGY
(AUTONOMOUS)",HAYATHNAGAR,RR,COED,PVT,,,JNTUH
AVNI,"AVN INST OF ENGG TECHNOLOGY
(AUTONOMOUS)",IBRAHIMPATAN,RR,COED,PVT,,,JNTUH
BIET,"BHARAT INSTITUTE OF ENGG AND
TECHNOLOGY",IBRAHIMPATNAM,RR,COED,PVT,,,JNTUH
BITN,"BALAJI INSTITUTE OF TECHNOLOGY AND SCI
(AUTONOMOUS)",NARSAMPET,WGL,COED,PVT,,,JNTUH
BOMA,BOMMA INST OF TECHNOLOGY AND SCI,KHAMMAM,KHM,COED,PVT,,,JNTUH
BOSE,"ANU BOSE INSTT OF TECHNOLOGY FOR
WOMENS",PALONCHA,KGM,GIRLS,PVT,,,JNTUH
BREW,"BHOJREDDY ENGINEERING COLLEGE FOR
WOMEN",SAIDABAD,HYD,GIRLS,PVT,,,JNTUH
BRIG,"BRILLIANT GRAMMER SCHOOL EDNL SOC
GRP OF INSTNS (AUTONOMOUS)",HAYATHNAGAR,RR,COED,PVT,,,JNTUH
BRIL,"BRILLIANT INSTT OF ENGG AND
TECHNOLOGY (AUTONOMOUS)",HAYATHNAGAR,RR,COED,PVT,,,JNTUH
BSKR,BHASKAR ENGINEERING COLLEGE,YENKAPALLY,RR,COED,PVT,,,JNTUH
BVRI,B V RAJU INSTITUTE OF TECHNOLOGY,NARSAPUR,MED,COED,PVT,,,JNTUH
BVRW,"BVRIT COLLEGE OF ENGINEERING FOR
WOMEN (AUTONOMOUS)",BACHUPALLY,MDL,GIRLS,PVT,,,JNTUH
CASR,COLLEGE OF AGRICULTURAL ENGG,SANGAREDDY,SRD,COED,UNIV,,,PJTAU
CBIT,"CHAITANYA BHARATHI INSTITUTE OF
TECHNOLOGY",GANDIPET,RR,COED,PVT,,,OU
CDTK,COLLEGE OF DAIRY TECHNOLOGY,KAMAREDDY,KMR,COED,UNIV,,,PVNRTVU
CFSR,"COLLEGE OF FOOD SCIENCE AND
TECHNOLOGY",RUDRUR,NZB,COED,GOV,,,PJTAU
CHET,SRI CHAITANYA TECHNICAL CAMPUS,IBRAHIMPATAN,RR,COED,PVT,,,JNTUH
CHTN,"SREE CHAITANYA COLLEGE OF
ENGINEERING",KARIMNAGAR,KRM,COED,PVT,,,JNTUH
CHTS,"SREE CHAITANYA INST OF TECHNOLOGY
SCIENCES",KARIMNAGAR,KRM,COED,PVT,,,JNTUH
CMRG,CMR TECHNICAL CAMPUS (AUTONOMOUS),KANDLAKOYA,MDL,COED,PVT,,,JNTUH
CMRK,"C M R COLLEGE OF ENGG AND
TECHNOLOGY",KANDLAKOYA,MDL,COED,PVT,,,JNTUH
CMRM,"CMR INSTITUTE OF TECHNOLOGY
(AUTONOMOUS)",KANDLAKOYA,MDL,COED,PVT,,,JNTUH
CMRN,CMR ENGG COLLEGE (AUTONOMOUS),KANDLAKOYA,MDL,COED,PVT,,,JNTUH
CVRH,CVR COLLEGE OF ENGINEERING,IBRAHIMPATAN,RR,COED,PVT,,,JNTUH
CVSR,ANURAG UNIVERSITY (FORMERLY ANURAG GRP OF INSTNS- CVSR COLL OF ENGG),GHATKESAR,MDL,COED,PVT,2002.0,135.0,AG UNIVE
DARE,"DARIPALLY ANANTHA RAMULU COLLOF
ENGGAND TECH",KHAMMAM,KHM,COED,PVT,,,JNTUH
DRKC,D R K COLLEGE OF ENGINEERING AND TECHNOLOGY,BOWRAMPET,MDL,COED,PVT,2006.0,60000.0,JNTUH
DRKI,D R K INSTITUTE OF SCI AND TECHNOLOGY,BOWRAMPET,MDL,COED,PVT,,,JNTUH
ELEN,"ELLENKI COLLGE OF ENGG AND
TECHNOLOGY (AUTONOMOUS)",PATANCHERU,SRD,COED,PVT,,,JNTUH
ESUT,"KEAORTTHHA GSCUIDENEMCE)S UNIV OF TELANGANA
(FORMERLY K U COLLEGE OF ENGG",KOTHAGUDEM,KGM,COED,UNIV,,,ESUNIVTG
GATE,"GATE INSTITUTE OF TECHNOLOGYAND
SCIENCES",KODAD,SRP,COED,PVT,,,JNTUH
GCTC,"GEETANJALI COLLEGE OF ENGG AND
TECHNOLOGY (AUTONOMOUS)",KEESARA,MDL,COED,PVT,,,JNTUH
GKEM,G K INSTITUTE OF ENGG AND TECH,MAHABUBNAGAR,MBN,COED,PVT,,,JNTU
GLOB,"GLOBAL INST OF ENGINEERING AND
TECHNOLOGY (AUTONOMOUS)",CHILKUR,RR,COED,PVT,,,JNTUH
GLWC,"GOKARAJU LAILAVATHI ENGINEERING
COLLEGE",BACHUPALLY,MDL,COED,PVT,,,OU
GNIT,"GURUNANAK INST OF TECHNOLOGY
(AUTONOMOUS)",IBRAHIMPATAN,RR,COED,PVT,,,JNTUH
GNPT,GANAPATHI ENGINEERING COLLGE,WARANGAL,WGL,COED,PVT,2005.0,50000.0,JNTUH
GNTW,"G NARAYNAMMA INSTITUTE OF
TECHNOLOGY AND SCI",SHAIKPET,HYD,GIRLS,PVT,,,JNTUH
GRRR,"GOKARAJU RANGARAJU INSTITUTE OF
ENGG AND TECH (AUTONOMOUS)",BACHUPALLY,MDL,COED,PVT,,,JNTUH
GURU,"GURU NANAK INSTITUTIONS TECHNICAL
CAMPUS (AUTONOMOUS)",IBRAHIMPATAN,RR,COED,PVT,,,JNTUH
HITM,"HYDERABAD INST OF TECHNOLOGY AND
MGMT (AUTONOMOUS)",MEDCHAL,MDL,COED,PVT,,,JNTUH
HOLY,"HOLY MARY INSTITUTE OF TECH SCIENCE
(AUTONOMOUS)",KEESARA,MDL,COED,PVT,,,JNTUH
IARE,"INSTITUTE OF AERONAUTICAL
ENGINEERING",DUNDIGAL,MDL,COED,PVT,,,JNTUH
IITT,"INDUR INSTITUTE OF ENGINEERING AND
TECHNOLOGY",SIDDIPET,SDP,COED,PVT,,,JNTUH
INDI,"SRI INDU INSTITUTE OF ENGINEERING AND
TECHNOLOGY (AUTONOMOUS)",IBRAHIMPATAN,RR,COED,PVT,,,JNTUH
INDU,"SRI INDU COLLEGE OF ENGG AND
TECHNOLOGY",IBRAHIMPATAN,RR,COED,PVT,,,JNTUH
JAYA,"JAYAMUKHI INSTITUTE OF TECHNOLOGY
AND SCIS",NARSAMPET,WGL,COED,PVT,,,JNTUH
JBIT,J B INSTITUTE OF ENGG AND TECHNOLOGY,YENKAPALLY,RR,COED,PVT,,,JNTUH
JMTS,"JYOTHISHMATHI INSTITUTE OF
TECHNOLOGY AND SCI (AUTONOMOUS)",KARIMNAGAR,KRM,COED,PVT,,,JNTUH
JNKR,"JNTUH UNIVERSITY COLLEGE OF
ENGINEERING JAGITIAL (AUTONOMOUS)",JAGITIAL,JTL,COED,UNIV,,,JNTUH
JNMB,"JNTUH UNIVERSITY COLLEGE OF
ENGINEERING MAHABUBABAD",MAHABUBABAD,MHB,COED,UNIV,,,JNTUH
JNPL,"JNTUH UNIVERSITY COLLEGE OF
ENGINEERING PALAIR",PALAIR,KHM,COED,UNIV,,,JNTUH
JNTH,"JNTUH UNIVERSITY COLLEGE OF ENGG SCI
AND TECH HYDERABAD",HYDERABAD,MDL,COED,UNIV,,,JNTUH
JNTM,"JNTUH UNIVERSITY COLLEGE OF ENGG
MANTHANI",MANTHANI,PDL,COED,UNIV,,,JNTUH
JNTR,"JNTUH UNIVERSITY COLLEGE OF
ENGINEERING RAJANNA SIRCILLA","SAIGRRCAILHLAARAM
RAJANNA",SRC,COED,UNIV,,,JNTUH
JNTS,"JNTUH UNIVERSITY COLLEGE OF
ENGINEERING SULTANPUR",SULTANPUR,SRD,COED,UNIV,,,JNTUH
JNWN,"JNTUH UNIVERSITY COLLEGE OF
ENGINEERING WANAPARTHY","NARSINGAYAPALL
Y VILLAGE",WNP,COED,UNIV,,,JNTUH
JOGI,"JOGINPALLY B R ENGINEERING COLLEGE
(AUTONOMOUS)",YENKAPALLY,RR,COED,PVT,,,JNTUH
JPNE,"JAYA PRAKASH NARAYAN COLLEGE OF
ENGINEERING (AUTONOMOUS)",MAHABUBNAGAR,MBN,COED,PVT,,,JNTUH
KCEA,KSHATRIYA COLLEGE OF ENGINEERING,ARMOOR,NZB,COED,PVT,,,JNTUH
KDDW,"KODADA INST OF TECHNOLOGY AND
SCIENCE FOR WOMEN",KODADA,SRP,GIRLS,PVT,,,JNTUH
KGRH,"KG REDDY COLLEGE OF ENGG AND
TECHNOLOGY (AUTONOMOUS)",MOINABAD,RR,COED,PVT,,,JNTUH
KITS,"KAKATIYA INSTITUTE OF TECHNOLOGY AND
SCI",WARANGAL,HNK,COED,PVT,,,KU
KITW,"KAKATIYA INST OF TECHNOLOGY SCI FOR
WOMEN",NIZAMABAD,NZB,GIRLS,PVT,,,JNTUH
KLRT,"KLR COLLEGE OF ENGG AND TECHNOLOGY
(AUTONOMOUS)",PALONCHA,KGM,COED,PVT,,,JNTUH
KMCE,"KESHAV MEMORIAL COLLEGE OF
ENGINEERING",IBRAHIMPATAN,RR,COED,PVT,,,JNTUH
KMEC,KESHAV MEMORIAL ENGINEERING COLLEGE,"KACHWANISINGA
RAM",MDL,COED,PVT,,,OU
KMIT,KESHAV MEMORIAL INST OF TECHNOLOGY,NARAYANAGUDA,HYD,COED,PVT,,,JNTUH
KMTS,KHAMMAM INST OF TECHNOLOGY AND SCIENCE,KHAMMAM,KHM,COED,PVT,2008.0,65000.0,JNTUH
KNRR,"KASIREDDY NARAYANAREDDY COLL ENGG
RES (AUTONOMOUS)",HAYATHNAGAR,RR,COED,PVT,,,JNTUH
KPRC,"KPRIT COLLEGE OF ENGINEERING
(AUTONOMOUS)",GHATKESAR,MDL,COED,PVT,,,OU
KPRT,"KOMMURI PRATAP REDDY INST OF
TECHNOLOGY (AUTONOMOUS)",GHATKESAR,MDL,COED,PVT,,,JNTUH
KSGI,"GOVERNMENT ENGINEERING COLLEGE
KOSGI",KOSGI,NPT,COED,GOV,,,JNTUH
KTKM,"KAMALA INSTITUTE OF TECHNOLOGY AND
SCIENCE (AUTONOMOUS)",HUZURABAD,KRM,COED,PVT,,,JNTUH
KUCE,K U COLLEGE OF ENGG KOTHAGUDEM,KOTHAGUDEM,KGM,COED,UNIV,1976.0,35000.0,KU
KUWL,"KU COLLEGE OF ENGINEERING AND
TECHNOLOGY",WARANGAL,HNK,COED,UNIV,,,KU
MDRK,"MADHIRA INSTITUTE OF TECHNOLOGY AND
SCI",KODAD,SRP,COED,PVT,,,JNTUH
MECS,"MATRUSRI ENGINEERING COLLEGE (
AUTONOMOUS)",HYDERABAD,HYD,COED,PVT,,,OU
METH,"METHODIST COLLEGE OF ENGINEERING
AND TECHNOLOGY (AUTONOMOUS)",ABIDS,HYD,COED,PVT,,,OU
MGHA,"MEGHA INST OF ENGG AND TECHNOLOGY
FOR WOMEN (AUTONOMOUS)",GHATKESAR,MDL,GIRLS,PVT,,,JNTUH
MGIT,"MAHATMA GANDHI INSTITUTE OF
TECHNOLOGY (AUTONOMOUS)",GANDIPET,RR,COED,PVT,,,JNTUH
MHVR,"MAHAVEER INSTITUTE OF SCI AND
TECHNOLOGY (AUTONOMOUS)",BANDLAGUDA,HYD,COED,PVT,,,JNTUH
MINA,"MINA INST OF ENGG AND TECHNOLOGY
FOR WOMEN",MIRYALAGUDA,NLG,GIRLS,PVT,,,JNTUH
MLID,"M L R INSTITUTE OF TECHNOLOGY
(AUTONOMOUS)",DUNDIGAL,MDL,COED,PVT,,,JNTUH
MLRD,"MALLA REDDY COLLEGE OF ENGG
TECHNOLOGY (AUTONOMOUS)",MYSAMMAGUDA,MDL,COED,PVT,,,JNTUH
MLRS,"(MAAURTROIN LOAMXMOAUNS )REDDY INST OF
TECHNOLOGY AND MANAGEMENT",DUNDIGAL,MDL,COED,PVT,,,JNTUH
MNRT,MNRCOLLEGE OF ENGINEERING AND TECHNOLOGY,SANGAREDDY,SRD,COED,PVT,2008.0,60000.0,JNTUH
MOTK,"MOTHER TERESA INSTITUTE OF SCI AND
TECHNOLOGY (AUTONOMOUS)",SATHUPALLY,KHM,COED,PVT,,,JNTUH
MRCE,MALLA REDDY COLLEGE OF ENGINEERING,MYSAMMAGUDA,MDL,COED,PVT,,,JNTUH
MRCW,"MALLA REDDY ENGG COLLEGE FOR WOMEN
(AUTONOMOUS)","MAISAMMAGUD
A",MDL,GIRLS,PVT,,,JNTUH
MREC,MALLAREDDY ENGINEERING COLLEGE (AUTONOMOUS),MAISAMMAGUDA,MDL,COED,PVT,2002.0,115000.0,JNTUH
MREM,"MALLA REDDY ENGINEERING COLLEGE AND
MANAGEMENT SCIENCES (AUTONOMOUS)",MEDCHAL,MDL,COED,PVT,,,JNTUH
MREW,MALLA REDDY COLLEGE OF ENGINEERING FOR WOMEN,MAISAMMAGUDA,MDL,GIRLS,PVT,2008.0,70000.0,JNTUH
MRIT,"MALLAREDDY INST OF TECHNOLOGY AND SCI
(AUTONOMOUS)",MAISAMMAGUDA,MDL,COED,PVT,2005.0,80000.0,JNTUH
MRTN,"ST MARTINS ENGINEERING COLLEGE
(AUTONOMOUS)",DHULAPALLY,MDL,COED,PVT,,,JNTUH
MTEC,"MOTHER THERESA COLLEGE OF ENGG AND
TECHNOLOGY",PEDDAPALLY,PDL,COED,PVT,,,JNTUH
MVSR,"M V S R ENGINEERING COLLEGE
(AUTONOMOUS)",NADERGUL,RR,COED,PVT,,,OU
NGIT,NEIL GOGTE INST OF TECHNOLOGY,"KACHIVANI
SINGARAM",MDL,COED,PVT,,,OU
NGMA,NIGAMA ENGINEERING COLLEGE,KARIMNAGAR,KRM,COED,PVT,,,JNTUH
NIET,"NETAJI INSTITUTE OF ENGINEERING AND
TECHNOLOGY",CHOUTUPPAL,YBG,COED,PVT,,,JNTUH
NNRG,"NALLA NARASIMHA REDDY EDNL SOC GRP
OF INSTNS (AUTONOMOUS)",GHATKESAR,MDL,COED,PVT,,,JNTUH
NRCM,"NARSIMHAREDDY ENGINEERING COLLEGE
(AUTONOMOUS)","MAISAMMAGUD
A",MDL,COED,PVT,,,JNTUH
NREC,"NALLAMALLA REDDY ENGINEERING
COLLEGE (AUTONOMOUS)",GHATKESAR,MDL,COED,PVT,,,JNTUH
OUCE,O U COLLEGE OF ENGG HYDERABAD,HYDERABAD,HYD,COED,UNIV,,,OU
OUCT,O U COLLEGE OF TECH HYDERABAD,HYDERABAD,HYD,COED,UNIV,,,OU
PALV,"PALLAVI ENGINEERING COLLEGE
(AUTONOMOUS)",KUNTLOOR,RR,COED,PVT,,,JNTUH
PETW,"PRINCETON INST OF ENGG TECH FOR
WOMEN",GHATKESAR,MDL,GIRLS,PVT,,,JNTUH
PRIW,"PRIYADARSHINI INSTITUTE OF SCIENCE &
TECHNOLOGY FOR WOMEN",KHAMMAM,KHM,GIRLS,PVT,,,JNTUH
PUCE,"UNIVERSITY COLLEGE OF ENGINEERING
PALAMURU UNIVERSITY",MAHABUBNAGAR,MBN,COED,UNIV,,,PLMU
RITW,"RISHI MS INST OF ENGG AND TECH FOR
WOMEN",KUKATPALLY,MDL,GIRLS,PVT,,,JNTUH
SAIS,SAI SPURTI INSTITUTE OF TECHNOLOGY,SATHUPALLY,KHM,COED,PVT,,,JNTUH
SBIT,"SWARNA BHARATHI INSTITUTE OF SCI AND
TECHNOLOGY (AUTONOMOUS)",KHAMMAM,KHM,COED,PVT,,,JNTUH
SCIT,"SRI CHAITANYA INSTITUTE OF TECHNOLOGY
AND RESEARCH (AUTONOMOUS)",KHAMMAM,KHM,COED,PVT,,,JNTUH
SDES,"SREE DATTHA INSTITUTE OF ENGINEERING
AND SCIENCE (AUTONOMOUS)",IBRAHIMPATAN,RR,COED,PVT,,,JNTUH
SDEW,"SRIDEVI WOMENS ENGINEERING COLLEGE
(AUTONOMOUS)",GANDIPET,RR,GIRLS,PVT,,,JNTUH
SDGI,"SREE DATTHA GRP OF INSTNS
(AUTONOMOUS)",IBRAHIMPATAN,RR,COED,PVT,,,JNTUH
SIEI,"SIDDHARTHA INSTT OF ENGG AND
TECHNOLOGY (AUTONOMOUS)",IBRAHIMPATAN,RR,COED,PVT,,,JNTUH
SISG,"SIDDHARTHA INSTT OF TECHNOLOGY AND
SCIENCES (AUTONOMOUS)",GHATKESAR,MDL,COED,PVT,,,JNTUH
SKEC,SREE KAVITHA ENGINEERING COLLEGE,KAREPALLY,KHM,GIRLS,PVT,,,JNTUH
SMSK,"SAMSKRUTHI COLLEGE OF ENGG AND
TECHNOLOGY (AUTONOMOUS)",GHATKESAR,MDL,COED,PVT,,,JNTUH
SNIS,"SRINIDHI INSTITUTE OF SCI AND
TECHNOLOGY",GHATKESAR,MDL,COED,PVT,,,JNTUH
SNTI,"SCIENT INSTITUTE OF TECHNOLOGY
(AUTONOMOUS)",IBRAHIMPATAN,RR,COED,PVT,,,JNTUH
SPEC,"ST PETERS ENGINEERING COLLEGE
(AUTONOMOUS)",MEDCHAL,MDL,COED,PVT,,,JNTUH
SPHN,"SPHOORTHY ENGINEERING COLLEGE
(AUTONOMOUS)",NADERGUL,RR,COED,PVT,,,JNTUH
SRHP,"SR UNIVERSITY ( FORMERLY S R
ENGINEERING COLLEGE)",HASANPARTHY,HNK,COED,PVT,,,SR UNIVERSITY
SRIW,"SUMATHI REDDY INST OF TECHNOLOGY
FOR WOMEN",HASANPARTHY,HNK,GIRLS,PVT,,,JNTUH
SRYS,"SREYAS INST OF ENGG AND TECHNOLOGY
(AUTONOMOUS)",NAGOLE,MDL,COED,PVT,,,JNTUH
STLW,"(SATUANTOLENYO CMOOLLUESG)E OF ENGG AND
TECHNOLOGY FOR WOMEN",ABIDS,HYD,GIRLS,PVT,,,OU
SUCE,"UNIVERSITY COLLEGE OF ENGINEERING,
HUSNABAD, SATAVAHANA UNIVERSITY",HUSNABAD,SDP,COED,UNIV,,,SHVU
SVES,"SRI VENKATESWARA ENGINEERING
COLLEGE",SURYAPETA,SRP,COED,PVT,,,JNTUH
SVIT,"SWAMI VIVEKANANDA INST OF
TECHNOLOGY (AUTONOMOUS)",SECUNDERABAD,HYD,COED,PVT,,,JNTUH
SVSE,"SVS GRP OF INSTNS - SVS INST OF TECH
(AUTONOMOUS)",HANAMKONDA,HNK,COED,PVT,,,JNTUH
TCEK,"TRINITY COLLEGE OF ENGINEERING AND
TECHNOLOGY",PEDDAPALLY,PDL,COED,PVT,,,JNTUH
TCTK,"TRINITY COLLEGE OF ENGINEERING AND
TECHNOLOGY",KARIMNAGAR,KRM,COED,PVT,,,JNTUH
TKEM,"TEEGALA KRISHNA REDDY ENGINEERING
COLLEGE (AUTONOMOUS)",MIRPET,RR,COED,PVT,,,JNTUH
TKRC,"T K R COLLEGE OF ENGG AND TECHNOLOGY
(AUTONOMOUS)",MIRPET,RR,COED,PVT,,,JNTUH
TPCE,"TALLA PADMAVATHI COLL OF ENGINEERING
(AUTONOMOUS)",KAZIPET,HNK,COED,PVT,,,JNTUH
TRRM,TRR COLLEGE OF TECHNOLOGY,MEERPET,RR,COED,PVT,,,JNTUH
TUCE,"UNIVERSITY COLLEGE OF ENGINEERING
NIZAMABAD",NIZAMABAD,NZB,COED,UNIV,,,TU
VAGE,"VAAGDEVI COLLEGE OF ENGINEERING
(AUTONOMOUS)",WARANGAL,WGL,COED,PVT,,,JNTUH
VASV,VASAVI COLLEGE OF ENGINEERING,HYDERABAD,HYD,COED,PVT,,,OU
VBIT,"VIGNAN BHARATI INSTITUTE OF
TECHNOLOGY (AUTONOMOUS)",GHATKESAR,MDL,COED,PVT,,,JNTUH
VCET,"VISWESWARAYA COLL OF ENGG AND
TECHNOLOGY (AUTONOMOUS)",IBRAHIMPATAN,RR,COED,PVT,,,JNTUH
VGNT,"VIGNAN INSTITUTE OF TECHNOLOGY AND
SCI (AUTONOMOUS)",DESHMUKHI,YBG,COED,PVT,,,JNTUH
VGSE,"VAAGESHWARI COLL OF ENGINEERING
(AUTONOMOUS)",KARIMNAGAR,KRM,COED,PVT,,,JNTUH
VGWL,"VAGDEVI ENGINEERING COLLEGE
(AUTONOMOUS)",WARANGAL,WGL,COED,PVT,,,JNTUH
VISA,"VATHSALYA INSTITUTE OF SCI AND
TECHNOLOGY",BHONGIR,YBG,COED,PVT,,,JNTUH
VITS,"SRI VISHWESWARAYA INST OF
TECHNOLOGY AND SCI",MAHABUBNAGAR,MBN,COED,PVT,,,JNTUH
VJEC,"V N R VIGNANA JYOTHI INSTITUTE OF ENGG
AND TECH",BACHUPALLY,MDL,COED,PVT,,,JNTUH
VJIT,"VIDYAJYOTHI INSTITUTE OF TECHNOLOGY
(AUTONOMOUS)",MOINABAD,RR,COED,PVT,,,JNTUH
VJYA,VIJAYA ENGINEERING COLLEGE,KHAMMAM,KHM,COED,PVT,,,JNTUH
VMEG,VARDHAMAN COLLEGE OF ENGINEERING,SHAMSHABAD,RR,COED,PVT,,,JNTUH
VMRH,"VMR PRADEEP KUMAR INST OF ENGG &
TECH",HANAMKONDA,HNK,COED,PVT,,,KU
VMTW,"VIGNANS INST OF MANAGEMENT AND
TECH FOR WOMEN (AUTONOMOUS)",GHATKESAR,MDL,GIRLS,PVT,,,JNTUH
VREC,VIJAYA RURAL ENGINEERING COLLEGE,NIZAMABAD,NZB,COED,PVT,,,JNTUH
VVKN,VIVEKANANDA INSTT OF TECH AND SCI BOMMAKAL,KARIMNAGAR,KRM,COED,PVT,2004.0,65000.0,JNTUH
WITS,WARANGAL INST OF TECHNOLOGY SCIENCE,WARANGAL,HNK,COED,PVT,,,KU
